Player,Runs,Fours,Sixes,Dots,Wickets,RunsConceded,Overs,StrikeRate,Economy,PerformanceScore
AB de Villiers,2425,0.0,0.0,0.0,7,196,31.0,242500.0,6.125,2600
Aamer Yamin,588,0.0,0.0,0.0,3,102,15.0,58800.0,6.375,663
Aaron Finch,9775,0.0,0.0,0.0,10,559,80.3,977500.0,6.8757687576875774,10025
Aaron Hardie,1440,0.0,0.0,0.0,7,206,26.0,144000.0,7.62962962962963,1615
Aaron Heal,531,0.0,0.0,0.0,3,86,12.0,53100.0,6.615384615384615,606
Aaron O'Brien,3504,0.0,0.0,0.0,22,604,85.0,350400.0,7.023255813953488,4054
Aaron Phangiso,5163,0.0,0.0,0.0,36,894,170.1,516300.0,5.225014611338398,6063
Aaron Redmond,1203,0.0,0.0,0.0,4,89,13.5,120300.0,6.137931034482759,1303
Aaron Summers,165,0.0,0.0,0.0,0,31,3.0,16500.0,7.75,165
Aavishkar Salvi,1065,0.0,0.0,0.0,7,200,25.0,106500.0,7.6923076923076925,1240
Abdul Razzaq,9797,0.0,0.0,0.0,38,1516,280.7,979700.0,5.381611643592475,10747
Abdul Samad,497,0.0,0.0,0.0,1,96,7.0,49700.0,12.0,522
Abdur Rauf,308,0.0,0.0,0.0,2,66,10.0,30800.0,6.0,358
Abdur Razzak,10513,0.0,0.0,0.0,50,2015,392.2,1051300.0,5.124618514750763,11763
Abdur Rehman,4142,0.0,0.0,0.0,39,959,326.5,414200.0,2.92824427480916,5117
Abhimanyu Mithun,6241,0.0,0.0,0.0,18,1094,194.0,624100.0,5.61025641025641,6691
Abhinav Mukund,322,0.0,0.0,0.0,0,14,2.0,32200.0,4.666666666666667,322
Abhishek Jhunjhunwala,1755,0.0,0.0,0.0,1,129,14.1,175500.0,8.543046357615895,1780
Abhishek Nayar,3177,0.0,0.0,0.0,9,339,41.1,317700.0,8.052256532066508,3402
Abhishek Raut,757,0.0,0.0,0.0,0,44,5.0,75700.0,7.333333333333333,757
Abhishek Sharma,1229,0.0,0.0,0.0,3,112,12.0,122900.0,8.615384615384615,1304
Abrar Kazi,146,0.0,0.0,0.0,0,21,2.0,14600.0,7.0,146
Abu Hider,416,0.0,0.0,0.0,1,67,8.0,41600.0,7.444444444444445,441
Abu Jayed,1987,0.0,0.0,0.0,9,382,94.5,198700.0,4.0,2212
Abu Nechim,2621,0.0,0.0,0.0,12,498,57.2,262100.0,8.556701030927835,2921
Abul Hasan,132,0.0,0.0,0.0,0,9,1.0,13200.0,4.5,132
Adam Gilchrist,133,0.0,0.0,0.0,1,0,0.1,13300.0,0.0,158
Adam Lyth,566,0.0,0.0,0.0,0,0,1.0,56600.0,0.0,566
Adam Milne,7243,0.0,0.0,0.0,36,1345,201.4,724300.0,6.645256916996047,8143
Adam Voges,5445,0.0,0.0,0.0,11,363,65.1,544500.0,5.491679273827534,5720
Adam Zampa,31412,0.0,0.0,0.0,214,5626,892.3,3141200.0,6.297996193887832,36762
Adeel Raja,210,0.0,0.0,0.0,0,21,2.0,21000.0,7.0,210
Adil Rashid,45089,0.0,0.0,0.0,278,8722,1692.1,4508900.0,5.151497253558562,52039
Aditya Dole,484,0.0,0.0,0.0,5,112,11.0,48400.0,9.333333333333334,609
Aftab Ahmed,2379,0.0,0.0,0.0,0,111,20.2,237900.0,5.235849056603774,2379
Aftab Alam,607,0.0,0.0,0.0,3,123,22.0,60700.0,5.3478260869565215,682
Afzaal Haider,374,0.0,0.0,0.0,1,72,6.0,37400.0,10.285714285714286,399
Ahillen Beadle,262,0.0,0.0,0.0,1,61,8.0,26200.0,6.777777777777778,287
Ahmed Raza,388,0.0,0.0,0.0,1,60,12.0,38800.0,4.615384615384615,413
Ahmed Shehzad,836,0.0,0.0,0.0,1,54,7.4,83600.0,6.428571428571428,861
Ahsan Malik,233,0.0,0.0,0.0,5,33,7.0,23300.0,4.125,358
Aiden Markram,4436,0.0,0.0,0.0,3,219,46.8,443600.0,4.581589958158996,4511
Aizaz Cheema,1830,0.0,0.0,0.0,5,275,58.4,183000.0,4.62962962962963,1955
Aizaz Khan,285,0.0,0.0,0.0,1,41,8.0,28500.0,4.555555555555555,310
Ajantha Mendis,17353,0.0,0.0,0.0,123,3415,683.8,1735300.0,4.986857476635515,20428
Ajaz Patel,2868,0.0,0.0,0.0,15,535,190.1,286800.0,2.7995813710099426,3243
Ajinkya Rahane,119,0.0,0.0,0.0,1,5,1.0,11900.0,2.5,144
Ajit  Chandila,1597,0.0,0.0,0.0,11,203,35.0,159700.0,5.638888888888889,1872
Ajit Agarkar,21530,0.0,0.0,0.0,124,3918,700.2,2153000.0,5.587564175698802,24630
Ajmal Shahzad,3515,0.0,0.0,0.0,24,650,125.6,351500.0,5.134281200631912,4115
Akila Dananjaya,9145,0.0,0.0,0.0,75,2001,395.2,914500.0,5.050479555779909,11020
Al-Amin Hossain,2088,0.0,0.0,0.0,24,458,72.6,208800.0,6.222826086956522,2688
Alasdair Evans,835,0.0,0.0,0.0,3,129,22.0,83500.0,5.608695652173913,910
Albie Morkel,17729,0.0,0.0,0.0,99,2998,364.8,1772900.0,8.195735374521597,20204
Alex Cusack,2965,0.0,0.0,0.0,13,346,70.8,296500.0,4.818941504178273,3290
Alex Hales,627,0.0,0.0,0.0,0,2,3.0,62700.0,0.5,627
Alex Keath,142,0.0,0.0,0.0,0,27,1.0,14200.0,13.5,142
Alfonso Thomas,5402,0.0,0.0,0.0,35,980,132.7,540200.0,7.329842931937173,6277
Ali Murtaza,1815,0.0,0.0,0.0,9,313,44.0,181500.0,6.955555555555556,2040
Alister McDermott,2815,0.0,0.0,0.0,23,513,61.3,281500.0,8.23434991974318,3390
Alok Kapali,1026,0.0,0.0,0.0,0,75,13.0,102600.0,5.357142857142857,1026
Alviro Petersen,530,0.0,0.0,0.0,0,14,4.0,53000.0,2.8,530
Alzarri Joseph,8977,0.0,0.0,0.0,63,1700,336.7,897700.0,5.034053893988747,10552
Ambati Rayudu,2269,0.0,0.0,0.0,3,124,20.1,226900.0,5.8767772511848335,2344
Amila Aponso,1549,0.0,0.0,0.0,11,274,55.5,154900.0,4.849557522123894,1824
Amir Hamza,259,0.0,0.0,0.0,2,54,8.0,25900.0,6.0,309
Amir Hayat,119,0.0,0.0,0.0,2,26,4.0,11900.0,5.2,169
Amit Mishra,43184,0.0,0.0,0.0,305,8053,1668.1,4318400.0,4.824755856449584,50809
Amit Singh,3250,0.0,0.0,0.0,28,620,78.1,325000.0,7.83817951959545,3950
Amit Uniyal,354,0.0,0.0,0.0,2,66,6.0,35400.0,9.428571428571429,404
Amjad Javed,527,0.0,0.0,0.0,1,117,14.0,52700.0,7.8,552
Amjad Khan,123,0.0,0.0,0.0,2,34,4.0,12300.0,6.8,173
Anand Rajan,1136,0.0,0.0,0.0,8,201,24.5,113600.0,7.882352941176471,1336
Anaru Kitchen,369,0.0,0.0,0.0,2,46,6.0,36900.0,6.571428571428571,419
Anderson Cummins,308,0.0,0.0,0.0,1,74,9.0,30800.0,7.4,333
Andile Phehlukwayo,16118,0.0,0.0,0.0,93,2598,443.0,1611800.0,5.851351351351352,18443
Andre Adams,443,0.0,0.0,0.0,3,104,15.3,44300.0,6.380368098159509,518
Andre Botha,5077,0.0,0.0,0.0,28,820,176.0,507700.0,4.632768361581921,5777
Andre Fletcher,710,0.0,0.0,0.0,0,34,5.4,71000.0,5.3125,710
Andre McCarthy,154,0.0,0.0,0.0,0,12,2.0,15400.0,4.0,154
Andre Nel,3037,0.0,0.0,0.0,23,603,164.7,303700.0,3.63910681955341,3612
Andre Russell,29900,0.0,0.0,0.0,157,4746,623.2,2990000.0,7.603332265299583,33825
Andrew Ellis,2404,0.0,0.0,0.0,12,392,67.0,240400.0,5.764705882352941,2704
Andrew Fekete,2311,0.0,0.0,0.0,10,405,39.5,231100.0,10.0,2561
Andrew Flintoff,8393,0.0,0.0,0.0,54,1458,355.0,839300.0,4.095505617977528,9743
Andrew Hall,1990,0.0,0.0,0.0,11,344,69.9,199000.0,4.851904090267983,2265
Andrew Mathieson,192,0.0,0.0,0.0,1,40,4.0,19200.0,8.0,217
Andrew McDonald,3175,0.0,0.0,0.0,16,408,46.0,317500.0,8.680851063829786,3575
Andrew Symonds,10345,0.0,0.0,0.0,37,1286,256.0,1034500.0,5.003891050583658,11270
Andrew Tye,19593,0.0,0.0,0.0,173,3812,478.4,1959300.0,7.951606174384648,23918
Andrew White,3107,0.0,0.0,0.0,7,321,62.8,310700.0,5.031347962382445,3282
Andy Blignaut,960,0.0,0.0,0.0,3,127,28.0,96000.0,4.379310344827586,1035
Andy McBrine,2327,0.0,0.0,0.0,8,427,77.0,232700.0,5.4743589743589745,2527
Andy McKay,3618,0.0,0.0,0.0,19,694,135.2,361800.0,5.095447870778267,4093
Angelo Mathews,46938,0.0,0.0,0.0,137,4850,1042.5,4693800.0,4.647819837086727,50363
Angelo Perera,352,0.0,0.0,0.0,0,16,3.0,35200.0,4.0,352
Aniket Choudhary,804,0.0,0.0,0.0,5,144,16.5,80400.0,8.228571428571428,929
Anil Kumble,25717,0.0,0.0,0.0,192,5825,1678.4,2571700.0,3.4685006549958315,30517
Ankeet Chavan,1813,0.0,0.0,0.0,8,326,41.2,181300.0,7.725118483412322,2013
Ankit Rajpoot,4651,0.0,0.0,0.0,24,814,88.1,465100.0,9.135802469135802,5251
Ankit Sharma,3491,0.0,0.0,0.0,12,450,61.1,349100.0,7.246376811594203,3791
Ankit Soni,1015,0.0,0.0,0.0,2,144,18.1,101500.0,7.539267015706805,1065
Anrich Nortje,8341,0.0,0.0,0.0,58,1617,309.3,834100.0,5.2110860457621655,9791
Anthony Ireland,481,0.0,0.0,0.0,4,113,20.0,48100.0,5.380952380952381,581
Anthony Martin,1339,0.0,0.0,0.0,11,239,55.0,133900.0,4.267857142857143,1614
Anton Devcich,1209,0.0,0.0,0.0,1,151,23.0,120900.0,6.291666666666667,1234
Anukul Roy,109,0.0,0.0,0.0,1,11,2.0,10900.0,3.6666666666666665,134
Anureet Singh,3629,0.0,0.0,0.0,18,623,68.0,362900.0,9.028985507246377,4079
Anwar Ali,2654,0.0,0.0,0.0,7,419,70.0,265400.0,5.901408450704225,2829
Arafat Sunny,894,0.0,0.0,0.0,3,134,21.0,89400.0,6.090909090909091,969
Arjun Nair,4433,0.0,0.0,0.0,22,583,76.0,443300.0,7.571428571428571,4983
Arshad Khan,1624,0.0,0.0,0.0,10,221,44.0,162400.0,4.911111111111111,1874
Arshdeep Singh,1892,0.0,0.0,0.0,12,327,34.5,189200.0,9.211267605633802,2192
Asad Ali,454,0.0,0.0,0.0,1,55,12.0,45400.0,4.230769230769231,479
Asad Pathan,467,0.0,0.0,0.0,0,63,6.3,46700.0,8.63013698630137,467
Asad Shafiq,1966,0.0,0.0,0.0,0,49,15.0,196600.0,3.0625,1966
Asela Gunaratne,3665,0.0,0.0,0.0,4,361,53.5,366500.0,6.623853211009174,3765
Ashan Priyanjan,1952,0.0,0.0,0.0,2,130,23.1,195200.0,5.394190871369294,2002
Ashish Nehra,31633,0.0,0.0,0.0,226,5913,882.1,3163300.0,6.695730947797531,37283
Ashish Reddy,3133,0.0,0.0,0.0,18,396,43.0,313300.0,9.0,3583
Ashley Noffke,490,0.0,0.0,0.0,3,109,17.0,49000.0,6.055555555555555,565
Ashley Nurse,8219,0.0,0.0,0.0,25,1309,212.5,821900.0,6.131147540983607,8844
Ashok Dinda,15769,0.0,0.0,0.0,96,2878,375.8,1576900.0,7.638004246284501,18169
Ashok Menaria,1786,0.0,0.0,0.0,3,144,18.2,178600.0,7.5,1861
Ashton Agar,14462,0.0,0.0,0.0,75,2328,351.6,1446200.0,6.602382302892796,16337
Ashton Turner,3799,0.0,0.0,0.0,14,262,37.0,379900.0,6.894736842105263,4149
Ashwell Prince,627,0.0,0.0,0.0,0,16,3.0,62700.0,4.0,627
Asif Ali,359,0.0,0.0,0.0,0,9,0.5,35900.0,6.0,359
Avesh Khan,1404,0.0,0.0,0.0,5,299,30.0,140400.0,9.64516129032258,1529
Axar Patel,24462,4.0,1.0,172.0,135,3981,683.7,14139.884393063585,5.8142252081203445,27837
Azhar Ali,5511,0.0,0.0,0.0,4,265,55.5,551100.0,4.6902654867256635,5611
Azhar Mahmood,4151,0.0,0.0,0.0,31,805,104.9,415100.0,7.601510859301227,4926
Balachandra Akhil,1887,0.0,0.0,0.0,6,242,31.2,188700.0,7.515527950310559,2037
Balaji Rao,581,0.0,0.0,0.0,2,93,13.0,58100.0,6.642857142857143,631
Barinder Sran,5462,0.0,0.0,0.0,31,1067,138.5,546200.0,7.648745519713262,6237
Barry McCarthy,1757,0.0,0.0,0.0,8,337,49.0,175700.0,6.74,1957
Basil Thampi,3362,0.0,0.0,0.0,17,694,70.1,336200.0,9.760900140646976,3787
Beau Webster,1289,0.0,0.0,0.0,1,169,22.0,128900.0,7.3478260869565215,1314
Ben Cutting,17021,0.0,0.0,0.0,81,2684,321.6,1702100.0,8.319900805951642,19046
Ben Dunk,1060,0.0,0.0,0.0,2,89,10.0,106000.0,8.090909090909092,1110
Ben Dwarshuis,9534,0.0,0.0,0.0,75,1800,224.8,953400.0,7.971656333038086,11409
Ben Edmondson,1510,0.0,0.0,0.0,15,332,37.9,151000.0,8.534704370179949,1885
Ben Hilfenhaus,14113,0.0,0.0,0.0,113,2824,547.4,1411300.0,5.149525893508388,16938
Ben Laughlin,15115,0.0,0.0,0.0,121,2928,349.4,1511500.0,8.356164383561644,18140
Ben Oakley,159,0.0,0.0,0.0,0,50,4.0,15900.0,10.0,159
Ben Rohrer,155,0.0,0.0,0.0,0,12,1.0,15500.0,6.0,155
Ben Stokes,59332,3.0,0.0,10.0,242,8498,1893.8,539381.8181818182,4.484906058686933,65382
Ben Wheeler,1475,0.0,0.0,0.0,8,320,34.1,147500.0,9.116809116809117,1675
Benjamin Manenti,2730,0.0,0.0,0.0,15,401,58.0,273000.0,6.796610169491525,3105
Benny Howell,335,0.0,0.0,0.0,0,36,5.0,33500.0,6.0,335
Berend Westdijk,330,0.0,0.0,0.0,1,56,7.0,33000.0,7.0,355
Bernard Loots,330,0.0,0.0,0.0,1,44,7.0,33000.0,5.5,355
Beuran Hendricks,4436,0.0,0.0,0.0,31,960,136.7,443600.0,6.971677559912854,5211
Bharat Chipli,179,0.0,0.0,0.0,0,20,1.0,17900.0,10.0,179
Bhargav Bhatt,2209,0.0,0.0,0.0,12,397,48.8,220900.0,7.971887550200804,2509
Bhuvneshwar Kumar,60354,0.0,0.0,0.0,361,10312,2003.7,6035400.0,5.143911807252955,69379
Bilal Asif,1716,0.0,0.0,0.0,14,317,143.4,171600.0,2.1952908587257616,2066
Bilawal Bhatti,1635,0.0,0.0,0.0,8,311,41.1,163500.0,7.3871733966745845,1835
Billy Stanlake,12314,0.0,0.0,0.0,83,2307,301.2,1231400.0,7.6340172071475845,14389
Billy Stelling,210,0.0,0.0,0.0,1,21,10.0,21000.0,1.9090909090909092,235
Bipul Sharma,4248,0.0,0.0,0.0,17,572,70.6,424800.0,7.988826815642459,4673
Bjorn Fortuin,715,0.0,0.0,0.0,3,80,10.0,71500.0,7.2727272727272725,790
Blair Tickner,1107,0.0,0.0,0.0,5,212,22.0,110700.0,9.217391304347826,1232
Blake Dean,167,0.0,0.0,0.0,1,29,2.0,16700.0,9.666666666666666,192
Blessing Mahwire,481,0.0,0.0,0.0,2,59,13.1,48100.0,4.184397163120567,531
Blessing Muzarabani,692,0.0,0.0,0.0,5,107,21.0,69200.0,4.863636363636363,817
Boyd Rankin,6678,0.0,0.0,0.0,40,1114,228.3,667800.0,4.858264282599214,7678
Brad Hodge,3859,0.0,0.0,0.0,18,378,47.0,385900.0,7.875,4309
Brad Hogg,17542,0.0,0.0,0.0,115,3138,542.5,1754200.0,5.773689052437902,20417
Brad Young,778,0.0,0.0,0.0,5,120,18.0,77800.0,6.315789473684211,903
Bradley Kruger,191,0.0,0.0,0.0,0,23,3.3,19100.0,5.348837209302326,191
Brandon Mavuta,449,0.0,0.0,0.0,2,81,12.0,44900.0,6.230769230769231,499
Brendan Doggett,3447,0.0,0.0,0.0,24,630,72.9,344700.0,8.525033829499323,4047
Brendan Drew,470,0.0,0.0,0.0,4,90,12.0,47000.0,6.923076923076923,570
Brendan Nash,984,0.0,0.0,0.0,0,68,16.0,98400.0,4.0,984
Brendan Taylor,331,0.0,0.0,0.0,0,15,3.0,33100.0,3.75,331
Brendon Diamanti,168,0.0,0.0,0.0,0,25,2.0,16800.0,8.333333333333334,168
Brendon McCullum,3067,0.0,0.0,0.0,1,88,28.7,306700.0,2.9629629629629632,3092
Brent Arnel,2816,0.0,0.0,0.0,9,502,156.0,281600.0,3.1974522292993632,3041
Brenton McDonald,174,0.0,0.0,0.0,1,28,3.0,17400.0,7.0,199
Brett Geeves,305,0.0,0.0,0.0,1,91,8.0,30500.0,10.11111111111111,330
Brett Lee,28087,0.0,0.0,0.0,183,5480,1095.3,2808700.0,4.998631761379185,32662
Brian Vitori,1776,0.0,0.0,0.0,6,343,66.5,177600.0,5.0814814814814815,1926
Bruce Martin,2017,0.0,0.0,0.0,10,471,210.0,201700.0,2.2322274881516586,2267
Bryce McGain,456,0.0,0.0,0.0,2,113,10.0,45600.0,10.272727272727273,506
Calum MacLeod,595,0.0,0.0,0.0,1,61,12.0,59500.0,4.6923076923076925,620
Cameron Borgas,156,0.0,0.0,0.0,0,20,1.0,15600.0,10.0,156
Cameron Boyce,12897,0.0,0.0,0.0,87,2163,284.6,1289700.0,7.573529411764706,15072
Cameron Gannon,3367,0.0,0.0,0.0,27,628,69.2,336700.0,8.945868945868945,4042
Cameron Green,1714,0.0,0.0,0.0,0,124,38.0,171400.0,3.1794871794871793,1714
Cameron Stevenson,481,0.0,0.0,0.0,2,69,7.0,48100.0,8.625,531
Cameron Valente,1758,0.0,0.0,0.0,7,282,31.0,175800.0,8.8125,1933
Cameron White,5415,0.0,0.0,0.0,10,581,122.0,541500.0,4.723577235772358,5665
Carl Sandri,320,0.0,0.0,0.0,2,53,6.0,32000.0,7.571428571428571,370
Carlos Brathwaite,16843,0.0,0.0,0.0,84,2818,398.6,1684300.0,7.052052052052051,18943
Chadd Sayers,832,0.0,0.0,0.0,2,146,49.0,83200.0,2.92,882
Chamara Kapugedera,1324,0.0,0.0,0.0,0,90,11.5,132400.0,7.2,1324
Chamara Silva,171,0.0,0.0,0.0,0,21,1.0,17100.0,10.5,171
Chaminda Bandara,468,0.0,0.0,0.0,1,94,11.0,46800.0,7.833333333333333,493
Chaminda Vaas,6972,0.0,0.0,0.0,40,1286,262.7,697200.0,4.876753886992795,7972
Chamu Chibhabha,3492,0.0,0.0,0.0,5,357,79.5,349200.0,4.434782608695652,3617
Chanaka Welegedara,6513,0.0,0.0,0.0,27,1242,259.0,651300.0,4.776923076923077,7188
Chandrapaul Hemraj,326,0.0,0.0,0.0,0,9,1.1,32600.0,4.285714285714286,326
Chandrasekar Ganapathy,161,0.0,0.0,0.0,0,13,1.0,16100.0,6.5,161
Charl Langeveldt,4638,0.0,0.0,0.0,37,873,145.3,463800.0,5.9671907040328085,5563
Chaturanga de Silva,1076,0.0,0.0,0.0,1,135,20.0,107600.0,6.428571428571429,1101
Chetanya Nanda,437,0.0,0.0,0.0,2,57,8.0,43700.0,6.333333333333333,487
Cheteshwar Pujara,143,0.0,0.0,0.0,0,2,1.0,14300.0,1.0,143
Chris Barnwell,419,0.0,0.0,0.0,1,39,4.0,41900.0,7.8,444
Chris Cairns,443,0.0,0.0,0.0,0,25,5.0,44300.0,4.166666666666667,443
Chris Gayle,24506,0.0,0.0,0.0,61,2620,465.5,2450600.0,5.616291532690247,26031
Chris Green,8730,0.0,0.0,0.0,45,1277,173.5,873000.0,7.318051575931232,9855
Chris Jordan,27040,0.0,0.0,0.0,177,5236,815.0,2704000.0,6.416666666666667,31465
Chris Lynn,757,0.0,0.0,0.0,3,75,11.0,75700.0,6.25,832
Chris Martin,11381,0.0,0.0,0.0,70,2310,704.5,1138100.0,3.274273564847626,13131
Chris Morris,25828,0.0,0.0,0.0,177,4841,742.8,2582800.0,6.508470018822265,30253
Chris Mpofu,2099,0.0,0.0,0.0,15,427,67.9,209900.0,6.197387518142235,2474
Chris Sabburg,149,0.0,0.0,0.0,0,5,1.0,14900.0,2.5,149
Chris Simpson,166,0.0,0.0,0.0,1,25,3.0,16600.0,6.25,191
Chris Sole,365,0.0,0.0,0.0,0,72,8.0,36500.0,8.0,365
Chris Swan,104,0.0,0.0,0.0,1,16,4.0,10400.0,3.2,129
Chris Tremain,8636,0.0,0.0,0.0,48,1632,208.7,863600.0,7.782546494992848,9836
Chris Tremlett,6969,0.0,0.0,0.0,43,1408,407.6,696900.0,3.4459128732256485,8044
Chris Woakes,44575,0.0,0.0,0.0,265,7910,1756.2,4457500.0,4.501479626678807,51200
Clint Hinchliffe,2450,0.0,0.0,0.0,11,278,33.0,245000.0,8.176470588235293,2725
Clint McKay,15952,0.0,0.0,0.0,115,3016,499.2,1595200.0,6.029588164734107,18827
Clive Rose,8928,0.0,0.0,0.0,28,1304,157.5,892800.0,8.227129337539433,9628
Colin Ingram,1204,0.0,0.0,0.0,1,103,12.0,120400.0,7.923076923076923,1229
Colin Munro,6210,0.0,0.0,0.0,11,558,91.4,621000.0,6.038961038961038,6485
Colin de Grandhomme,24341,0.0,0.0,0.0,75,3015,817.6,2434100.0,3.6831175177131685,26216
Corey Anderson,18053,0.0,0.0,0.0,74,2330,411.4,1805300.0,5.649854510184287,19903
Corey Collymore,3116,0.0,0.0,0.0,19,468,171.1,311600.0,2.7193492155723415,3591
Craig Overton,1979,0.0,0.0,0.0,7,351,91.0,197900.0,3.8152173913043477,2154
Craig Simmons,858,0.0,0.0,0.0,3,88,14.0,85800.0,5.866666666666666,933
Craig Wright,965,0.0,0.0,0.0,6,173,35.0,96500.0,4.805555555555555,1115
Craig Young,1885,0.0,0.0,0.0,12,419,60.0,188500.0,6.868852459016393,2185
Curtis Campher,988,0.0,0.0,0.0,7,175,31.3,98800.0,5.41795665634675,1163
D'Arcy Short,10555,0.0,0.0,0.0,31,1116,134.2,1055500.0,8.254437869822485,11330
Dale Steyn,50813,0.0,0.0,0.0,397,9510,2092.9,5081300.0,4.541764172119012,60738
Dan Lawrence,277,0.0,0.0,0.0,0,26,3.0,27700.0,6.5,277
Dane Paterson,2819,0.0,0.0,0.0,13,541,106.0,281900.0,5.05607476635514,3144
Dane Piedt,4629,0.0,0.0,0.0,26,1175,304.0,462900.0,3.8524590163934427,5279
Daniel Christian,23342,0.0,0.0,0.0,130,3595,458.2,2334200.0,7.82883275261324,26592
Daniel Fallins,273,0.0,0.0,0.0,0,44,5.0,27300.0,7.333333333333333,273
Daniel Flynn,921,0.0,0.0,0.0,0,25,5.0,92100.0,4.166666666666667,921
Daniel Harris,863,0.0,0.0,0.0,0,61,6.0,86300.0,8.714285714285714,863
Daniel Salpietro,335,0.0,0.0,0.0,1,65,8.0,33500.0,7.222222222222222,360
Daniel Sams,7081,0.0,0.0,0.0,61,1313,154.8,708100.0,8.427471116816431,8606
Daniel Vettori,34829,0.0,0.0,0.0,188,6229,1722.8,3482900.0,3.6135282515373013,39529
Daniel Worrall,6483,0.0,0.0,0.0,35,1212,150.2,648300.0,8.015873015873016,7358
Danish Kaneria,4262,0.0,0.0,0.0,22,1107,288.4,426200.0,3.8251554941257777,4812
Danny Briggs,2737,0.0,0.0,0.0,15,471,57.5,273700.0,8.051282051282051,3112
Danushka Gunathilaka,4895,0.0,0.0,0.0,5,292,63.0,489500.0,4.5625,5020
Daren Powell,4008,0.0,0.0,0.0,21,686,139.0,400800.0,4.9,4533
Daren Sammy,36463,0.0,0.0,0.0,134,5121,1065.9,3646300.0,4.799887524603992,39813
Darren Bravo,508,0.0,0.0,0.0,0,2,1.0,50800.0,1.0,508
Darren Maddy,218,0.0,0.0,0.0,1,20,2.0,21800.0,6.666666666666667,243
Darren Pattinson,1290,0.0,0.0,0.0,9,215,28.0,129000.0,7.413793103448276,1515
Darron Reekers,254,0.0,0.0,0.0,1,18,6.0,25400.0,2.5714285714285716,279
Daryl Mitchell,2111,0.0,0.0,0.0,6,179,40.7,211100.0,4.292565947242206,2261
Daryl Tuffey,3594,0.0,0.0,0.0,19,656,152.3,359400.0,4.279191128506197,4069
Daryn Dupavillon,254,0.0,0.0,0.0,1,21,6.0,25400.0,3.0,279
Dasun Shanaka,4370,0.0,0.0,0.0,20,527,109.1,437000.0,4.786557674841053,4870
Dave Langford-Smith,4009,0.0,0.0,0.0,19,693,140.0,400900.0,4.914893617021277,4484
Dave Mohammed,998,0.0,0.0,0.0,7,225,45.5,99800.0,4.838709677419355,1173
David Bernard,2630,0.0,0.0,0.0,11,404,85.0,263000.0,4.6976744186046515,2905
David Hemp,413,0.0,0.0,0.0,0,32,2.0,41300.0,10.666666666666666,413
David Hussey,11531,0.0,0.0,0.0,35,1148,164.0,1153100.0,6.957575757575758,12406
David Moody,825,0.0,0.0,0.0,5,139,15.0,82500.0,8.6875,950
David Warner,3741,0.0,0.0,0.0,0,107,18.1,374100.0,5.602094240837696,3741
David Wiese,5081,0.0,0.0,0.0,39,922,122.4,508100.0,7.471636952998379,6056
David Willey,20706,0.0,0.0,0.0,121,3424,531.8,2070600.0,6.426426426426427,23731
Dawid Malan,1926,0.0,0.0,0.0,1,97,28.0,192600.0,3.3448275862068964,1951
Dawlat Ahmadzai,116,0.0,0.0,0.0,1,21,2.0,11600.0,7.0,141
Dawlat Zadran,1827,0.0,0.0,0.0,7,364,50.0,182700.0,7.137254901960785,2002
Dean Brownlie,633,0.0,0.0,0.0,0,17,4.0,63300.0,3.4,633
Dean Elgar,11906,0.0,0.0,0.0,15,588,155.5,1190600.0,3.757188498402556,12281
Deepak Chahar,10100,0.0,0.0,0.0,57,1706,224.7,1010000.0,7.5587062472308375,11525
Deepak Hooda,3440,0.0,0.0,0.0,7,322,38.1,344000.0,8.235294117647058,3615
Deighton Butler,262,0.0,0.0,0.0,1,30,8.0,26200.0,3.3333333333333335,287
Delyone Borden,689,0.0,0.0,0.0,4,88,13.0,68900.0,6.285714285714286,789
Devendra Bishoo,13539,0.0,0.0,0.0,55,2810,705.4,1353900.0,3.9779161947904873,14914
Devon Smith,223,0.0,0.0,0.0,0,5,0.5,22300.0,3.3333333333333335,223
Dewald Nel,547,0.0,0.0,0.0,1,126,18.4,54700.0,6.494845360824743,572
Dhammika Prasad,7845,0.0,0.0,0.0,37,1392,333.5,784500.0,4.161434977578475,8770
Dhananjaya de Silva,14611,0.0,0.0,0.0,35,1371,304.1,1461100.0,4.493608652900688,15486
Dhawal Kulkarni,16981,0.0,0.0,0.0,106,2890,381.7,1698100.0,7.551607002874315,19631
Dilbar Hussain,458,0.0,0.0,0.0,4,92,9.5,45800.0,8.761904761904763,558
Dilhara Fernando,10002,0.0,0.0,0.0,48,1930,362.0,1000200.0,5.316804407713499,11202
Dilhara Lokuhettige,1052,0.0,0.0,0.0,3,173,35.0,105200.0,4.805555555555555,1127
Dillon du Preez,256,0.0,0.0,0.0,4,56,7.0,25600.0,7.0,356
Dilruwan Perera,10690,0.0,0.0,0.0,82,2712,788.3,1069000.0,3.435955910300266,12740
Dilshan Munaweera,173,0.0,0.0,0.0,0,22,1.0,17300.0,11.0,173
Dimitri Mascarenhas,6784,0.0,0.0,0.0,44,1106,189.2,678400.0,5.814931650893796,7884
Dimuth Karunaratne,2933,0.0,0.0,0.0,2,113,30.3,293300.0,3.610223642172524,2983
Dinesh Mongia,1985,0.0,0.0,0.0,6,291,54.1,198500.0,5.281306715063521,2135
Dinesh Salunkhe,934,0.0,0.0,0.0,1,78,8.0,93400.0,8.666666666666666,959
Dirk Nannes,9224,0.0,0.0,0.0,65,1649,224.6,922400.0,7.309397163120567,10849
Doddapaneni Kalyankrishna,538,0.0,0.0,0.0,2,87,8.0,53800.0,9.666666666666666,588
Dolar Mahmud,223,0.0,0.0,0.0,1,42,4.0,22300.0,8.4,248
Dom Bess,917,0.0,0.0,0.0,8,206,113.0,91700.0,1.8070175438596492,1117
Dominic Thornely,1414,0.0,0.0,0.0,6,142,20.0,141400.0,6.761904761904762,1564
Domnic Muthuswami,877,0.0,0.0,0.0,4,101,14.0,87700.0,6.733333333333333,977
Donald Tiripano,2619,0.0,0.0,0.0,12,405,110.5,261900.0,3.632286995515695,2919
Doug Bollinger,18068,0.0,0.0,0.0,129,3329,544.2,1806800.0,6.106016140865737,21293
Doug Bracewell,13987,0.0,0.0,0.0,80,2720,685.8,1398700.0,3.960396039603961,15987
Dougie Brown,520,0.0,0.0,0.0,1,66,13.0,52000.0,4.714285714285714,545
Duanne Olivier,4126,0.0,0.0,0.0,48,924,239.6,412600.0,3.8403990024937658,5326
Dushmantha Chameera,7029,0.0,0.0,0.0,38,1475,274.5,702900.0,5.353901996370236,7979
Dwaine Pretorius,7974,0.0,0.0,0.0,40,1206,261.2,797400.0,4.59954233409611,8974
Dwaraka Ravi Teja,334,0.0,0.0,0.0,1,28,3.0,33400.0,7.0,359
Dwayne Bravo,55944,0.0,0.0,0.0,363,9884,1422.6,5594400.0,6.942961506041023,65019
Dwayne Leverock,689,0.0,0.0,0.0,3,130,20.0,68900.0,6.190476190476191,764
Dwayne Smith,13287,0.0,0.0,0.0,44,1485,222.1,1328700.0,6.656207978484985,14387
Ebadot Hossain,1987,0.0,0.0,0.0,5,397,95.0,198700.0,4.135416666666667,2112
Ed Rainsford,333,0.0,0.0,0.0,1,69,10.0,33300.0,6.2727272727272725,358
Eddie Leie,138,0.0,0.0,0.0,3,16,3.0,13800.0,4.0,213
Edgar Schiferli,626,0.0,0.0,0.0,4,107,22.0,62600.0,4.6521739130434785,726
Ehsan Adil,1238,0.0,0.0,0.0,4,205,50.0,123800.0,4.019607843137255,1338
Ehsan Khan,285,0.0,0.0,0.0,2,65,10.0,28500.0,5.909090909090909,335
Ehsan Nawaz,285,0.0,0.0,0.0,1,50,8.0,28500.0,5.555555555555555,310
Elias Sunny,619,0.0,0.0,0.0,2,115,21.0,61900.0,5.2272727272727275,669
Elijah Otieno,72,0.0,0.0,0.0,0,18,2.0,7200.0,6.0,72
Elton Chigumbura,6120,0.0,0.0,0.0,21,835,125.0,612000.0,6.626984126984127,6645
Enamul Haque jnr,487,0.0,0.0,0.0,0,65,16.0,48700.0,3.823529411764706,487
Evan Gulbis,5162,0.0,0.0,0.0,18,625,75.2,516200.0,8.202099737532809,5612
Ewen Thompson,356,0.0,0.0,0.0,1,60,7.0,35600.0,7.5,381
Fabian Allen,3215,0.0,0.0,0.0,10,476,70.0,321500.0,6.704225352112676,3465
Faf du Plessis,2297,0.0,0.0,0.0,2,142,21.2,229700.0,6.396396396396397,2347
Fahad Alhashmi,341,0.0,0.0,0.0,0,45,7.2,34100.0,5.487804878048781,341
Faheem Ashraf,7158,0.0,0.0,0.0,32,1133,214.2,715800.0,5.264869888475837,7958
Faisal Hossain,251,0.0,0.0,0.0,0,26,6.1,25100.0,3.6619718309859155,251
Faiz Fazal,286,0.0,0.0,0.0,0,20,2.0,28600.0,6.666666666666667,286
Fakhar Zaman,988,0.0,0.0,0.0,1,92,16.6,98800.0,5.227272727272727,1013
Fareed Ahmad,164,0.0,0.0,0.0,0,17,1.0,16400.0,8.5,164
Farhaan Behardien,7279,0.0,0.0,0.0,11,595,101.4,727900.0,5.810546875,7554
Farhad Reza,1068,0.0,0.0,0.0,8,211,39.1,106800.0,5.261845386533666,1268
Farveez Maharoof,12262,0.0,0.0,0.0,63,2035,366.6,1226200.0,5.5359085963003265,13837
Fawad Ahmed,11829,0.0,0.0,0.0,73,2026,291.5,1182900.0,6.926495726495727,13654
Fawad Alam,1121,0.0,0.0,0.0,2,167,26.0,112100.0,6.185185185185185,1171
Fidel Edwards,11776,0.0,0.0,0.0,63,2103,408.0,1177600.0,5.141809290953545,13351
Gagandeep Singh,634,0.0,0.0,0.0,3,141,14.0,63400.0,9.4,709
Gareth Batty,1901,0.0,0.0,0.0,5,311,77.4,190100.0,3.966836734693877,2026
Gareth Delany,1014,0.0,0.0,0.0,1,99,13.0,101400.0,7.071428571428571,1039
Garey Mathurin,299,0.0,0.0,0.0,1,56,6.0,29900.0,8.0,324
Gary Ballance,569,0.0,0.0,0.0,0,5,2.0,56900.0,1.6666666666666667,569
Gary Brent,221,0.0,0.0,0.0,2,40,10.0,22100.0,3.6363636363636362,271
Gary Kidd,810,0.0,0.0,0.0,1,125,23.0,81000.0,5.208333333333333,835
Gary Putland,1024,0.0,0.0,0.0,3,186,22.0,102400.0,8.08695652173913,1099
Gautam Gambhir,578,0.0,0.0,0.0,0,17,3.0,57800.0,4.25,578
Gavin Ewing,481,0.0,0.0,0.0,1,48,13.0,48100.0,3.4285714285714284,506
Gavin Tonge,906,0.0,0.0,0.0,6,200,44.0,90600.0,4.444444444444445,1056
Geert-Maarten Mol,210,0.0,0.0,0.0,0,18,4.0,21000.0,3.6,210
George Codrington,308,0.0,0.0,0.0,1,63,9.0,30800.0,6.3,333
George Dockrell,3831,0.0,0.0,0.0,9,620,100.0,383100.0,6.138613861386139,4056
George Linde,1019,0.0,0.0,0.0,6,206,43.0,101900.0,4.681818181818182,1169
Glenn Maxwell,45131,0.0,0.0,0.0,129,5009,776.5,4513100.0,6.442443729903537,48356
Glenn McGrath,2793,0.0,0.0,0.0,17,443,82.0,279300.0,5.337349397590361,3218
Glenn Rogers,222,0.0,0.0,0.0,0,53,10.0,22200.0,4.818181818181818,222
Gnaneswara Rao,97,0.0,0.0,0.0,0,7,1.0,9700.0,3.5,97
Gordon Drummond,797,0.0,0.0,0.0,1,99,19.0,79700.0,4.95,822
Gordon Goudie,464,0.0,0.0,0.0,0,102,12.4,46400.0,7.611940298507463,464
Graeme Cremer,4637,0.0,0.0,0.0,16,1034,226.0,463700.0,4.5550660792951545,5037
Graeme Smith,1011,0.0,0.0,0.0,3,124,15.0,101100.0,7.75,1086
Graeme Swann,30382,0.0,0.0,0.0,239,5755,1514.9,3038200.0,3.7964245662642653,36357
Graham Napier,139,0.0,0.0,0.0,1,27,4.0,13900.0,5.4,164
Graham Onions,947,0.0,0.0,0.0,4,185,34.0,94700.0,5.285714285714286,1047
Grant Elliott,10649,0.0,0.0,0.0,29,967,179.3,1064900.0,5.3632834165280086,11374
Greg Lamb,1820,0.0,0.0,0.0,9,264,62.1,182000.0,4.183835182250396,2045
Greg Thompson,725,0.0,0.0,0.0,1,73,12.0,72500.0,5.615384615384615,750
Greg West,418,0.0,0.0,0.0,2,85,7.0,41800.0,10.625,468
Gulbadin Naib,2083,0.0,0.0,0.0,12,350,53.2,208300.0,6.4575645756457565,2383
Gurinder Sandhu,8007,0.0,0.0,0.0,47,1491,187.3,800700.0,7.918215613382899,9182
Gurkeerat Singh Mann,1945,0.0,0.0,0.0,5,165,23.0,194500.0,6.875,2070
Guy Walker,180,0.0,0.0,0.0,0,47,3.0,18000.0,11.75,180
Hamid Hassan,1279,0.0,0.0,0.0,4,176,37.4,127900.0,4.583333333333334,1379
Hamilton Masakadza,3504,0.0,0.0,0.0,6,251,62.3,350400.0,3.9652448657187995,3654
Hamish Bennett,4662,0.0,0.0,0.0,32,891,141.7,466200.0,6.2438682550805895,5462
Hamish Kingston,845,0.0,0.0,0.0,4,134,12.0,84500.0,10.307692307692308,945
Hamish Rutherford,196,0.0,0.0,0.0,0,2,1.0,19600.0,1.0,196
Hanuma Vihari,3780,0.0,0.0,0.0,6,227,64.3,378000.0,3.4762633996937216,3930
Harbhajan Singh,89038,0.0,0.0,0.0,513,17107,4289.1,8903800.0,3.9875527376984214,101863
Hardik Pandya,32368,0.0,0.0,0.0,152,4997,802.7,3236800.0,6.217494089834515,36168
Hardus Viljoen,1509,0.0,0.0,0.0,8,316,42.0,150900.0,7.348837209302325,1709
Haris Rauf,2519,0.0,0.0,0.0,28,511,62.5,251900.0,8.047244094488189,3219
Haris Sohail,4761,0.0,0.0,0.0,2,261,54.0,476100.0,4.745454545454545,4811
Harmeet Singh,4077,0.0,0.0,0.0,27,731,90.9,407700.0,7.95429815016322,4752
Harpreet Brar,517,0.0,0.0,0.0,0,89,9.0,51700.0,8.9,517
Harry Conway,1162,0.0,0.0,0.0,7,215,27.2,116200.0,7.624113475177305,1337
Harry Gurney,5728,0.0,0.0,0.0,34,1110,158.5,572800.0,6.959247648902822,6578
Harshal Patel,7145,0.0,0.0,0.0,44,1330,149.8,714500.0,8.819628647214854,8245
Harvir Baidwan,358,0.0,0.0,0.0,3,84,9.1,35800.0,8.316831683168317,433
Hasan Ali,11133,0.0,0.0,0.0,64,2283,391.1,1113300.0,5.822494261667941,12733
Hashim Amla,325,0.0,0.0,0.0,0,6,2.0,32500.0,2.0,325
Hasibul Hossain,348,0.0,0.0,0.0,0,53,6.0,34800.0,7.571428571428571,348
Hayden Kerr,260,0.0,0.0,0.0,0,19,3.0,26000.0,4.75,260
Hayden Walsh,3540,0.0,0.0,0.0,17,522,84.4,354000.0,6.112412177985948,3965
Heath Streak,226,0.0,0.0,0.0,1,32,10.0,22600.0,2.909090909090909,251
Heinrich Klaasen,437,0.0,0.0,0.0,0,33,4.0,43700.0,6.6,437
Henk-Jan Mol,210,0.0,0.0,0.0,1,16,6.0,21000.0,2.2857142857142856,235
Henry Davids,247,0.0,0.0,0.0,1,13,2.0,24700.0,4.333333333333333,272
Henry Osinde,1205,0.0,0.0,0.0,3,162,26.0,120500.0,6.0,1280
Henry Thornton,186,0.0,0.0,0.0,1,40,4.0,18600.0,8.0,211
Hilton Cartwright,1000,0.0,0.0,0.0,4,163,12.2,100000.0,12.34848484848485,1100
Hiral Patel,316,0.0,0.0,0.0,1,28,4.0,31600.0,5.6,341
Hiren Varaiya,284,0.0,0.0,0.0,0,44,10.0,28400.0,4.0,284
Hussain Talat,60,0.0,0.0,0.0,1,3,0.4,6000.0,2.142857142857143,85
Iain O'Brien,5422,0.0,0.0,0.0,39,1177,283.3,542200.0,4.139992965177629,6397
Iain Wardlaw,1111,0.0,0.0,0.0,8,280,38.5,111100.0,7.0886075949367084,1311
Ian Bell,323,0.0,0.0,0.0,0,2,1.0,32300.0,1.0,323
Ian Blackwell,1771,0.0,0.0,0.0,5,250,68.0,177100.0,3.6231884057971016,1896
Ian Bradshaw,4202,0.0,0.0,0.0,17,740,190.0,420200.0,3.8743455497382198,4627
Ian Butler,3233,0.0,0.0,0.0,17,589,81.4,323300.0,7.148058252427184,3658
Ian Moran,598,0.0,0.0,0.0,5,96,10.0,59800.0,8.727272727272727,723
Iftikhar Ahmed,1404,0.0,0.0,0.0,3,100,18.2,140400.0,5.208333333333334,1479
Iftikhar Anjum,3606,0.0,0.0,0.0,15,660,128.4,360600.0,5.1004636785162285,3981
Imad Wasim,11122,0.0,0.0,0.0,54,1791,323.4,1112200.0,5.520961775585697,12472
Imran Farhat,1184,0.0,0.0,0.0,0,44,14.3,118400.0,2.8758169934640523,1184
Imran Haider,119,0.0,0.0,0.0,1,16,2.0,11900.0,5.333333333333333,144
Imran Khan,2389,0.0,0.0,0.0,14,384,120.2,238900.0,3.168316831683168,2739
Imran Tahir,38000,0.0,0.0,0.0,292,7114,1391.1,3800000.0,5.110265067164716,45300
Imrul Kayes,462,0.0,0.0,0.0,0,3,1.0,46200.0,1.5,462
Iqbal Abdulla,6873,0.0,0.0,0.0,40,1075,149.8,687300.0,7.1286472148541105,7873
Irfan Ahmed,374,0.0,0.0,0.0,0,53,6.0,37400.0,7.571428571428571,374
Irfan Pathan,47627,0.0,0.0,0.0,265,8544,1529.4,4762700.0,5.582854155776268,54252
Ish Sodhi,19822,0.0,0.0,0.0,120,3914,741.0,1982200.0,5.274932614555256,22822
Ishan Malhotra,179,0.0,0.0,0.0,0,23,1.0,17900.0,11.5,179
Ishant Sharma,82282,5.0,0.0,23.0,467,15562,3828.0,342841.6666666666,4.064246539566467,93957
Ishara Amerasinghe,686,0.0,0.0,0.0,4,119,27.0,68600.0,4.25,786
Ishwar Pandey,3596,0.0,0.0,0.0,16,563,73.0,359600.0,7.608108108108108,3996
Isuru Udana,5906,0.0,0.0,0.0,25,1094,144.0,590600.0,7.544827586206897,6531
Izatullah Dawlatzai,196,0.0,0.0,0.0,2,56,3.0,19600.0,14.0,246
JJ Smuts,1846,0.0,0.0,0.0,3,194,33.0,184600.0,5.705882352941177,1921
Jack Leach,3106,6.0,1.0,107.0,26,746,267.4,2875.925925925926,2.7794336810730256,3756
Jack Prestwidge,2003,0.0,0.0,0.0,13,264,32.4,200300.0,7.904191616766467,2328
Jack Wildermuth,7272,0.0,0.0,0.0,34,1167,142.7,727200.0,8.121085594989562,8122
Jack Wood,129,0.0,0.0,0.0,2,28,3.0,12900.0,7.0,179
Jackson Bird,10921,0.0,0.0,0.0,62,2000,332.8,1092100.0,5.991611743559017,12471
Jackson Coleman,1471,0.0,0.0,0.0,11,182,25.2,147100.0,6.9465648854961835,1746
Jacob Duffy,153,0.0,0.0,0.0,4,33,4.0,15300.0,6.6,253
Jacob Oram,13164,0.0,0.0,0.0,77,2032,397.1,1316400.0,5.104245164531524,15089
Jacques Kallis,27434,0.0,0.0,0.0,109,4003,669.4,2743400.0,5.9710620525059666,30159
Jade Dernbach,10869,0.0,0.0,0.0,69,2369,322.2,1086900.0,7.329826732673268,12594
Jagadeesha Suchith,2348,0.0,0.0,0.0,12,396,45.0,234800.0,8.608695652173912,2648
Jai Prakash Yadav,1988,0.0,0.0,0.0,6,290,60.0,198800.0,4.754098360655738,2138
Jake Ball,8115,0.0,0.0,0.0,29,1524,278.5,811500.0,5.452593917710197,8840
Jake Lehmann,631,0.0,0.0,0.0,1,42,4.0,63100.0,8.4,656
Jake Reed,1619,0.0,0.0,0.0,16,277,31.0,161900.0,8.65625,2019
Jamaluddin Syed Mohammad,1846,0.0,0.0,0.0,8,283,32.0,184600.0,8.575757575757576,2046
James Anderson,71840,4.0,0.0,70.0,528,13085,4116.4,101183.0985915493,3.1779763928692866,85040
James Bazley,489,0.0,0.0,0.0,0,36,4.0,48900.0,7.2,489
James Faulkner,37511,0.0,0.0,0.0,252,6609,956.4,3751100.0,6.903070816795488,43811
James Franklin,14320,0.0,0.0,0.0,43,1631,299.2,1432000.0,5.433044636908727,15395
James Hopes,16915,0.0,0.0,0.0,71,2473,415.3,1691500.0,5.940427576267115,18690
James Muirhead,2049,0.0,0.0,0.0,14,299,39.0,204900.0,7.475,2399
James Neesham,19414,0.0,0.0,0.0,61,2497,433.2,1941400.0,5.750806080147398,20939
James Pattinson,12560,0.0,0.0,0.0,92,2526,513.1,1256000.0,4.913440964792842,14860
James Tredwell,12340,0.0,0.0,0.0,66,2031,392.9,1234000.0,5.156130997715157,13990
James Vince,1846,0.0,0.0,0.0,1,51,11.0,184600.0,4.25,1871
Jamie Dalrymple,126,0.0,0.0,0.0,2,5,4.0,12600.0,1.0,176
Jan Stander,233,0.0,0.0,0.0,0,18,3.0,23300.0,4.5,233
Janeiro Tucker,689,0.0,0.0,0.0,1,110,19.0,68900.0,5.5,714
Jarrod Freeman,315,0.0,0.0,0.0,1,37,4.0,31500.0,7.4,340
Jaskaran Singh,1185,0.0,0.0,0.0,6,171,17.0,118500.0,9.5,1335
Jason Behrendorff,11591,0.0,0.0,0.0,88,2091,321.5,1159100.0,6.4837209302325585,13791
Jason Floros,2448,0.0,0.0,0.0,3,280,32.1,244800.0,8.459214501510573,2523
Jason Holder,30952,0.0,0.0,0.0,141,5408,1131.7,3095200.0,4.774432771254524,34477
Jason Krejza,2822,0.0,0.0,0.0,23,774,130.5,282200.0,5.885931558935361,3397
Jason Mohammed,1052,0.0,0.0,0.0,0,66,13.0,105200.0,4.714285714285714,1052
Jason Sangha,196,0.0,0.0,0.0,0,11,1.0,19600.0,5.5,196
Jasprit Bumrah,45032,4.0,0.0,30.0,352,8108,1701.3,145264.51612903227,4.7629677495153615,53832
Javed Ahmadi,1113,0.0,0.0,0.0,2,62,13.3,111300.0,4.335664335664336,1163
Javon Searles,530,0.0,0.0,0.0,2,89,7.0,53000.0,11.125,580
Jayant Yadav,4056,0.0,0.0,0.0,18,664,152.3,405600.0,4.3313763861709065,4506
Jayde Herrick,382,0.0,0.0,0.0,0,60,7.3,38200.0,7.228915662650602,382
Jaydev Unadkat,15043,0.0,0.0,0.0,96,2835,364.2,1504300.0,7.762869660460022,17443
Jean-Paul Duminy,42365,0.0,0.0,0.0,103,4236,778.7,4236500.0,5.4328587918430165,44940
Jeet Raval,703,0.0,0.0,0.0,1,34,14.0,70300.0,2.2666666666666666,728
Jeetan Patel,10930,0.0,0.0,0.0,55,2197,610.5,1093000.0,3.5928045789043335,12305
Jeevan Mendis,8496,0.0,0.0,0.0,21,914,155.5,849600.0,5.840255591054313,9021
Jeffrey Vandersay,1272,0.0,0.0,0.0,6,243,39.0,127200.0,6.075,1422
Jehan Mubarak,490,0.0,0.0,0.0,1,11,2.0,49000.0,3.6666666666666665,515
Jermaine Blackwood,1196,0.0,0.0,0.0,0,45,7.3,119600.0,5.421686746987952,1196
Jermaine Lawson,180,0.0,0.0,0.0,2,58,9.0,18000.0,5.8,230
Jerome Taylor,18552,0.0,0.0,0.0,107,3524,687.1,1855200.0,5.121348641185874,21227
Jesse Ryder,9453,0.0,0.0,0.0,23,836,152.3,945300.0,5.453359425962165,10028
Jhye Richardson,11728,0.0,0.0,0.0,91,2209,313.9,1172800.0,7.014925373134329,14003
Jimmy Hansra,358,0.0,0.0,0.0,0,21,2.0,35800.0,7.0,358
Jimmy Kamande,356,0.0,0.0,0.0,0,73,10.0,35600.0,6.636363636363637,356
Joe Burns,1147,0.0,0.0,0.0,3,59,8.0,114700.0,6.555555555555555,1222
Joe Denly,6154,0.0,0.0,0.0,12,497,101.0,615400.0,4.872549019607843,6454
Joe Mennie,3340,0.0,0.0,0.0,16,627,90.0,334000.0,6.8901098901098905,3740
Joe Root,42510,3.0,2.0,46.0,56,2799,638.2,90446.8085106383,4.378911138923654,43910
Joel Paris,3031,0.0,0.0,0.0,12,604,73.1,303100.0,8.151147098515521,3331
Jofra Archer,17692,5.0,0.0,22.0,126,3109,540.3,76921.73913043478,5.7435802697210425,20842
Joginder Sharma,4046,0.0,0.0,0.0,17,672,81.7,404600.0,8.125755743651753,4471
Johan Botha,22451,0.0,0.0,0.0,103,3590,560.6,2245100.0,6.3924501424501425,25026
Johan van der Wath,870,0.0,0.0,0.0,3,190,20.0,87000.0,9.047619047619047,945
John Blain,1056,0.0,0.0,0.0,3,178,33.5,105600.0,5.159420289855072,1131
John Campbell,1025,0.0,0.0,0.0,0,44,12.1,102500.0,3.3587786259541987,1025
John Davison,889,0.0,0.0,0.0,2,108,24.0,88900.0,4.32,939
John Hastings,11853,0.0,0.0,0.0,89,2149,318.3,1185300.0,6.730347635452552,14078
John Mooney,2924,0.0,0.0,0.0,8,404,61.0,292400.0,6.516129032258065,3124
John Nyumbu,3216,0.0,0.0,0.0,15,672,156.5,321600.0,4.266666666666667,3591
Johnson Charles,164,0.0,0.0,0.0,0,12,0.5,16400.0,8.0,164
Jomel Warrican,442,0.0,0.0,0.0,2,101,35.0,44200.0,2.8055555555555554,492
Jon Holland,3799,0.0,0.0,0.0,13,675,122.0,379900.0,5.487804878048781,4124
Jon Lewis,324,0.0,0.0,0.0,1,63,10.0,32400.0,5.7272727272727275,349
Jonathan Carter,1407,0.0,0.0,0.0,3,78,12.4,140700.0,5.820895522388059,1482
Jonathan Cook,3433,0.0,0.0,0.0,24,577,78.0,343300.0,7.30379746835443,4033
Jonathan Merlo,143,0.0,0.0,0.0,0,21,2.0,14300.0,7.0,143
Jonathan Trott,7927,0.0,0.0,0.0,6,355,87.3,792700.0,4.020385050962627,8077
Jonathan Wells,361,0.0,0.0,0.0,0,9,1.1,36100.0,4.285714285714286,361
Josh Davey,962,0.0,0.0,0.0,11,199,28.0,96200.0,6.862068965517241,1237
Josh Hazlewood,34180,0.0,0.0,0.0,245,6616,1793.2,3418000.0,3.6874372979600936,40305
Josh Lalor,8041,0.0,0.0,0.0,58,1504,182.4,804100.0,8.200654307524536,9491
Josh Little,1087,0.0,0.0,0.0,12,221,32.5,108700.0,6.597014925373134,1387
Jubair Hossain,935,0.0,0.0,0.0,5,202,40.1,93500.0,4.914841849148418,1060
Junaid Khan,6389,0.0,0.0,0.0,34,1207,210.1,638900.0,5.717669351018475,7239
Junaid Siddique,544,0.0,0.0,0.0,0,9,1.0,54400.0,4.5,544
Junior Dala,1580,0.0,0.0,0.0,12,312,39.0,158000.0,7.8,1880
Justin Kemp,2295,0.0,0.0,0.0,8,166,27.3,229500.0,5.865724381625442,2495
Justin Ontong,553,0.0,0.0,0.0,1,54,4.4,55300.0,10.0,578
KC Cariappa,1869,0.0,0.0,0.0,8,348,36.0,186900.0,9.405405405405405,2069
KM Asif,378,0.0,0.0,0.0,3,75,6.0,37800.0,10.714285714285714,453
KP Appanna,2080,0.0,0.0,0.0,9,286,36.0,208000.0,7.72972972972973,2305
Kabir Ali,433,0.0,0.0,0.0,4,95,15.4,43300.0,5.7926829268292686,533
Kagiso Rabada,44034,0.0,0.0,0.0,388,9277,2127.8,4403400.0,4.357854190154077,53734
Kamindu Mendis,842,0.0,0.0,0.0,1,115,18.0,84200.0,6.052631578947368,867
Kamlesh Nagarkoti,1464,0.0,0.0,0.0,5,231,26.0,146400.0,8.555555555555555,1589
Kamran Khan,1387,0.0,0.0,0.0,9,224,26.4,138700.0,8.175182481751825,1612
Kamran Shazad,341,0.0,0.0,0.0,1,59,8.0,34100.0,6.555555555555555,366
Kamrul Islam,2685,0.0,0.0,0.0,7,398,93.0,268500.0,4.23404255319149,2860
Kane Richardson,22974,0.0,0.0,0.0,174,4379,612.0,2297400.0,7.143556280587275,27324
Kane Williamson,30939,0.0,0.0,0.0,59,2021,453.1,3093900.0,4.450561550319312,32414
Karan Goel,1038,0.0,0.0,0.0,0,93,11.0,103800.0,7.75,1038
Karanveer Singh,1595,0.0,0.0,0.0,12,321,34.0,159500.0,9.17142857142857,1895
Karim Janat,233,0.0,0.0,0.0,6,44,8.0,23300.0,4.888888888888889,383
Karim Sadiq,471,0.0,0.0,0.0,1,64,8.0,47100.0,7.111111111111111,496
Karn Sharma,11751,0.0,0.0,0.0,64,2001,273.8,1175100.0,7.281659388646288,13351
Kartik Tyagi,1727,0.0,0.0,0.0,9,367,38.1,172700.0,9.38618925831202,1952
Karun Nair,753,0.0,0.0,0.0,0,11,2.0,75300.0,3.6666666666666665,753
Kashif Daud,269,0.0,0.0,0.0,1,56,10.0,26900.0,5.090909090909091,294
Kasun Rajitha,3951,0.0,0.0,0.0,22,903,149.9,395100.0,5.9840954274353875,4501
Kaushalya Weeraratne,695,0.0,0.0,0.0,0,91,9.0,69500.0,9.1,695
Keaton Jennings,1782,0.0,0.0,0.0,0,55,12.1,178200.0,4.198473282442748,1782
Kedar Jadhav,10473,0.0,0.0,0.0,27,1020,197.5,1047300.0,5.138539042821159,11148
Keegan Meth,450,0.0,0.0,0.0,1,78,10.0,45000.0,7.090909090909091,475
Keemo Paul,8205,0.0,0.0,0.0,43,1445,200.9,820500.0,7.157008420009905,9280
Keith Dabengwa,255,0.0,0.0,0.0,0,23,4.0,25500.0,4.6,255
Kelvin Smith,153,0.0,0.0,0.0,0,7,1.0,15300.0,3.5,153
Kemar Roach,24720,0.0,0.0,0.0,170,4720,1111.9,2472000.0,4.241171713541198,28970
Kenny Carroll,81,0.0,0.0,0.0,0,8,1.0,8100.0,4.0,81
Kenroy Peters,417,0.0,0.0,0.0,2,69,20.0,41700.0,3.2857142857142856,467
Keshav Maharaj,15825,0.0,0.0,0.0,117,3963,1171.3,1582500.0,3.3805339930052036,18750
Kesrick Williams,4618,0.0,0.0,0.0,36,904,115.8,461800.0,7.739726027397261,5518
Kevin Hurdle,689,0.0,0.0,0.0,1,82,13.0,68900.0,5.857142857142857,714
Kevin O'Brien,7768,0.0,0.0,0.0,26,1074,164.5,776800.0,6.4894259818731115,8418
Kevin Pietersen,12238,0.0,0.0,0.0,15,742,129.0,1223800.0,5.707692307692308,12613
Kevon Cooper,3873,0.0,0.0,0.0,33,757,96.0,387300.0,7.804123711340206,4698
Khaled Ahmed,715,0.0,0.0,0.0,0,149,30.0,71500.0,4.806451612903226,715
Khaled Mahmud,807,0.0,0.0,0.0,6,145,29.5,80700.0,4.754098360655738,957
Khaleel Ahmed,6467,0.0,0.0,0.0,53,1364,179.5,646700.0,7.556786703601108,7792
Khary Pierre,2724,0.0,0.0,0.0,8,427,54.0,272400.0,7.763636363636364,2924
Khurram Chohan,897,0.0,0.0,0.0,0,130,23.0,89700.0,5.416666666666667,897
Khurram Khan,341,0.0,0.0,0.0,0,31,4.0,34100.0,6.2,341
Kieron Pollard,42888,0.0,0.0,0.0,158,5179,695.7,4288800.0,7.43361561647768,46838
Kinchit Shah,285,0.0,0.0,0.0,3,39,9.0,28500.0,3.9,360
Kirk Edwards,347,0.0,0.0,0.0,0,19,4.0,34700.0,3.8,347
Kithuruwan Vithanage,441,0.0,0.0,0.0,0,29,9.0,44100.0,2.9,441
Kraigg Brathwaite,9038,0.0,0.0,0.0,6,493,136.6,903800.0,3.5828488372093026,9188
Krishmar Santokie,1320,0.0,0.0,0.0,13,279,35.0,132000.0,7.75,1645
Krishna Chandran,104,0.0,0.0,0.0,0,17,3.0,10400.0,4.25,104
Krishnakant  Upadhyay,507,0.0,0.0,0.0,0,81,9.0,50700.0,8.1,507
Krishnappa Gowtham,3870,0.0,0.0,0.0,13,562,68.0,387000.0,8.144927536231885,4195
Krunal Pandya,13341,0.0,0.0,0.0,60,1997,267.1,1334100.0,7.448713166728832,14841
Kuldeep Yadav,25736,0.0,0.0,0.0,204,5037,901.6,2573600.0,5.580545091956569,30836
Kulwant Khejroliya,765,0.0,0.0,0.0,3,153,15.5,76500.0,9.272727272727273,840
Kusal Mendis,509,0.0,0.0,0.0,0,28,3.2,50900.0,6.666666666666666,509
Kyle Abbott,11802,0.0,0.0,0.0,84,2145,527.3,1180200.0,4.060193072118115,13902
Kyle Coetzer,516,0.0,0.0,0.0,0,42,5.0,51600.0,7.0,516
Kyle Jamieson,3333,0.0,0.0,0.0,35,602,205.6,333300.0,2.913843175217812,4208
Kyle Jarvis,3232,0.0,0.0,0.0,16,668,126.5,323200.0,5.23921568627451,3632
Kyle Mayers,238,0.0,0.0,0.0,0,10,1.0,23800.0,5.0,238
Kyle McCallan,4718,0.0,0.0,0.0,24,776,175.7,471800.0,4.3916242218449355,5318
Kyle Mills,20480,0.0,0.0,0.0,123,3625,704.1,2048000.0,5.141114735498511,23555
Lahiru Gamage,3087,0.0,0.0,0.0,8,558,139.8,308700.0,3.9630681818181817,3287
Lahiru Kumara,7284,0.0,0.0,0.0,38,1577,306.2,728400.0,5.133463541666667,8234
Lahiru Madushanka,915,0.0,0.0,0.0,4,154,22.0,91500.0,6.695652173913044,1015
Lahiru Thirimanne,2090,0.0,0.0,0.0,2,83,22.1,209000.0,3.593073593073593,2140
Lakshan Sandakan,7736,0.0,0.0,0.0,40,1647,282.9,773600.0,5.801338499471646,8736
Lakshmipathy Balaji,12646,0.0,0.0,0.0,87,2339,298.1,1264600.0,7.820127047810097,14821
Lance Morris,1162,0.0,0.0,0.0,1,156,13.0,116200.0,11.142857142857142,1187
Lasith Embuldeniya,1681,0.0,0.0,0.0,12,479,137.3,168100.0,3.4634851771511204,1981
Lasith Malinga,49230,0.0,0.0,0.0,374,9550,1527.5,4923000.0,6.247955511939811,58580
Laxmi Shukla,3893,0.0,0.0,0.0,15,447,51.8,389300.0,8.465909090909092,4268
Lee Carseldine,105,0.0,0.0,0.0,1,6,1.0,10500.0,3.0,130
Lendl Simmons,3121,0.0,0.0,0.0,8,219,33.0,312100.0,6.4411764705882355,3321
Lewis Gregory,1489,0.0,0.0,0.0,7,254,27.0,148900.0,9.071428571428571,1664
Liam Bowe,2163,0.0,0.0,0.0,11,338,39.0,216300.0,8.45,2438
Liam Dawson,3291,0.0,0.0,0.0,15,546,121.4,329100.0,4.46078431372549,3666
Liam Hatcher,1055,0.0,0.0,0.0,10,201,23.0,105500.0,8.375,1305
Liam Livingstone,995,0.0,0.0,0.0,5,90,10.1,99500.0,8.108108108108109,1120
Liam O'Connor,2733,0.0,0.0,0.0,13,486,61.0,273300.0,7.838709677419355,3058
Liam Plunkett,25313,0.0,0.0,0.0,157,4483,805.9,2531300.0,5.555830957987359,29238
Liam Scott,177,0.0,0.0,0.0,0,28,2.0,17700.0,9.333333333333334,177
Lionel Baker,1788,0.0,0.0,0.0,8,261,50.0,178800.0,5.117647058823529,1988
Lionel Cann,689,0.0,0.0,0.0,0,76,9.4,68900.0,7.3076923076923075,689
Lloyd Pope,2674,0.0,0.0,0.0,14,407,53.0,267400.0,7.537037037037037,3024
Lockie Ferguson,10236,0.0,0.0,0.0,71,2050,330.7,1023600.0,6.180283388604161,12011
Logan van Beek,233,0.0,0.0,0.0,4,23,4.0,23300.0,4.6,333
Lonwabo Tsotsobe,10320,0.0,0.0,0.0,66,2016,407.4,1032000.0,4.936336924583742,11970
Love Ablish,470,0.0,0.0,0.0,3,75,7.0,47000.0,9.375,545
Luke Butterworth,499,0.0,0.0,0.0,4,93,11.4,49900.0,7.5,599
Luke Doran,2018,0.0,0.0,0.0,8,256,36.0,201800.0,6.918918918918919,2218
Luke Feldman,2127,0.0,0.0,0.0,15,372,48.2,212700.0,7.560975609756097,2502
Luke Jongwe,737,0.0,0.0,0.0,0,95,13.0,73700.0,6.785714285714286,737
Luke Woodcock,865,0.0,0.0,0.0,1,117,22.2,86500.0,5.043103448275862,890
Luke Wright,13857,0.0,0.0,0.0,39,1567,242.7,1385700.0,6.430036930652442,14832
Lungi Ngidi,12295,0.0,0.0,0.0,106,2227,399.4,1229500.0,5.561938061938062,14945
Lutho Sipamla,1095,0.0,0.0,0.0,3,186,30.6,109500.0,5.886075949367088,1170
Luuk van Troost,254,0.0,0.0,0.0,0,15,2.0,25400.0,5.0,254
MS Dhoni,2759,0.0,0.0,0.0,1,98,22.0,275900.0,4.260869565217392,2784
Mahbubul Alam,248,0.0,0.0,0.0,2,42,6.0,24800.0,6.0,298
Mahela Jayawardene,1147,0.0,0.0,0.0,1,42,10.7,114700.0,3.58974358974359,1172
Mahipal Lomror,294,0.0,0.0,0.0,0,27,3.0,29400.0,6.75,294
Mahmudullah,19456,0.0,0.0,0.0,35,1869,367.6,1945600.0,5.0705371676614215,20331
Majid Haq,1905,0.0,0.0,0.0,12,329,63.0,190500.0,5.140625,2205
Makhaya Ntini,6070,0.0,0.0,0.0,44,1167,276.6,607000.0,4.203890489913545,7170
Malachi Jones,689,0.0,0.0,0.0,2,112,14.0,68900.0,7.466666666666667,739
Malcolm Waller,1392,0.0,0.0,0.0,2,116,26.0,139200.0,4.296296296296297,1442
Malinda Pushpakumara,2925,0.0,0.0,0.0,15,625,162.2,292500.0,3.8296568627450984,3300
Malinga Bandara,2468,0.0,0.0,0.0,15,447,119.6,246800.0,3.7064676616915424,2843
Mandeep Singh,388,0.0,0.0,0.0,0,26,2.0,38800.0,8.666666666666666,388
Manjula Guruge,104,0.0,0.0,0.0,0,19,6.0,10400.0,2.7142857142857144,104
Manoj Tiwary,2123,0.0,0.0,0.0,6,227,28.0,212300.0,7.827586206896552,2273
Manpreet Gony,7104,0.0,0.0,0.0,39,1334,159.0,710400.0,8.3375,8079
Marchant de Lange,2382,0.0,0.0,0.0,17,506,62.7,238200.0,7.943485086342229,2807
Marcus North,2470,0.0,0.0,0.0,3,149,38.0,247000.0,3.8205128205128207,2545
Marcus Stoinis,25351,0.0,0.0,0.0,104,3386,456.1,2535100.0,7.40756945963684,27951
Mark Adair,1950,0.0,0.0,0.0,8,350,63.9,195000.0,5.3929121725731894,2150
Mark Cosgrove,166,0.0,0.0,0.0,1,10,1.0,16600.0,5.0,191
Mark Craig,8974,0.0,0.0,0.0,46,2152,564.5,897400.0,3.8054818744473917,10124
Mark Gillespie,1589,0.0,0.0,0.0,12,306,67.2,158900.0,4.486803519061583,1889
Mark Higgs,152,0.0,0.0,0.0,0,20,2.0,15200.0,6.666666666666667,152
Mark Steketee,6981,0.0,0.0,0.0,57,1336,151.8,698100.0,8.743455497382199,8406
Mark Watt,365,0.0,0.0,0.0,3,55,10.0,36500.0,5.0,440
Mark Wood,23896,0.0,0.0,0.0,127,4290,918.8,2389600.0,4.664057403783431,27071
Marlon Samuels,25781,0.0,0.0,0.0,80,3344,708.1,2578100.0,4.71583697644902,27781
Marnus Labuschagne,5741,0.0,0.0,0.0,10,427,92.0,574100.0,4.591397849462366,5991
Martin Guptill,7404,0.0,0.0,0.0,11,340,75.9,740400.0,4.421326397919375,7679
Mashrafe Mortaza,17545,0.0,0.0,0.0,78,3083,592.4,1754500.0,5.195483653522077,19495
Mason Crane,791,0.0,0.0,0.0,1,217,52.0,79100.0,4.09433962264151,816
Mathew Sinclair,511,0.0,0.0,0.0,0,1,3.0,51100.0,0.25,511
Matt Dixon,581,0.0,0.0,0.0,6,132,16.0,58100.0,7.764705882352941,731
Matt Henry,13549,0.0,0.0,0.0,66,2712,660.2,1354900.0,4.101633393829401,15199
Matt Johnston,1162,0.0,0.0,0.0,3,150,18.0,116200.0,7.894736842105263,1237
Matt Machan,832,0.0,0.0,0.0,0,69,9.0,83200.0,6.9,832
Matt Parkinson,675,0.0,0.0,0.0,5,124,16.4,67500.0,7.126436781609196,800
Matt Renshaw,3171,0.0,0.0,0.0,6,245,33.0,317100.0,7.205882352941177,3321
Matthew Day,195,0.0,0.0,0.0,0,25,2.0,19500.0,8.333333333333334,195
Matthew Gale,583,0.0,0.0,0.0,1,103,12.0,58300.0,7.923076923076923,608
Matthew Hoggard,1905,0.0,0.0,0.0,13,350,123.5,190500.0,2.8112449799196786,2230
Matthew Kelly,3302,0.0,0.0,0.0,27,608,73.8,330200.0,8.128342245989305,3977
Matthew Kuhnemann,1108,0.0,0.0,0.0,4,154,19.0,110800.0,7.7,1208
Matthew Parker,213,0.0,0.0,0.0,0,26,3.0,21300.0,6.5,213
Matthew Short,2350,0.0,0.0,0.0,3,188,23.5,235000.0,7.673469387755102,2425
Matthew Wade,688,0.0,0.0,0.0,0,28,4.0,68800.0,5.6,688
Max Sorensen,781,0.0,0.0,0.0,0,120,13.0,78100.0,8.571428571428571,781
Mayank Agarwal,389,0.0,0.0,0.0,0,10,1.0,38900.0,5.0,389
Mayank Markande,2929,0.0,0.0,0.0,16,458,54.0,292900.0,8.327272727272728,3329
Mehidy Hasan,7502,0.0,0.0,0.0,36,1761,443.2,750200.0,3.9644304367402072,8402
Mehrab Hossain jnr,119,0.0,0.0,0.0,0,20,2.5,11900.0,5.714285714285714,119
Michael Bates,365,0.0,0.0,0.0,1,76,7.0,36500.0,9.5,390
Michael Beer,8421,0.0,0.0,0.0,41,1345,199.9,842100.0,6.694873071179691,9446
Michael Carberry,269,0.0,0.0,0.0,0,12,1.0,26900.0,6.0,269
Michael Chinouya,1656,0.0,0.0,0.0,4,238,68.0,165600.0,3.449275362318841,1756
Michael Clarke,16129,0.0,0.0,0.0,31,1275,329.4,1612900.0,3.8589588377723976,16904
Michael Hogan,1245,0.0,0.0,0.0,5,226,28.0,124500.0,7.793103448275862,1370
Michael Hussey,3379,0.0,0.0,0.0,2,168,47.0,337900.0,3.5,3429
Michael Leask,498,0.0,0.0,0.0,0,57,4.2,49800.0,10.961538461538462,498
Michael Mason,930,0.0,0.0,0.0,6,207,33.0,93000.0,6.088235294117647,1080
Michael Neser,10325,0.0,0.0,0.0,67,1928,227.6,1032500.0,8.433945756780403,12000
Michael Swart,233,0.0,0.0,0.0,1,34,3.0,23300.0,8.5,258
Michael Vaughan,500,0.0,0.0,0.0,1,52,13.0,50000.0,3.7142857142857144,525
Michael Yardy,6332,0.0,0.0,0.0,23,1010,194.0,633200.0,5.17948717948718,6907
Mickey Edwards,296,0.0,0.0,0.0,1,65,7.0,29600.0,8.125,321
Miguel Cummins,4569,0.0,0.0,0.0,22,831,188.8,456900.0,4.378292939936776,5119
Milinda Siriwardana,4821,0.0,0.0,0.0,10,492,87.5,482100.0,5.559322033898305,5071
Mir Hamza,309,0.0,0.0,0.0,1,67,15.0,30900.0,4.1875,334
Mirwais Ashraf,160,0.0,0.0,0.0,1,26,5.0,16000.0,4.333333333333333,185
Mitchell Johnson,46679,0.0,0.0,0.0,332,9160,1965.5,4667900.0,4.658021866259853,54979
Mitchell Marsh,33570,0.0,0.0,0.0,113,4045,763.2,3357000.0,5.293116985082439,36395
Mitchell McClenaghan,20383,0.0,0.0,0.0,141,4075,546.7,2038300.0,7.44020449150995,23908
Mitchell Perry,117,0.0,0.0,0.0,1,33,2.0,11700.0,11.0,142
Mitchell Santner,30587,0.0,0.0,0.0,134,4955,1197.1,3058700.0,4.1357148818963365,33937
Mitchell Starc,47588,0.0,0.0,0.0,379,9637,2190.8,4758800.0,4.396842777625696,57063
Mitchell Swepson,7021,0.0,0.0,0.0,46,1210,158.2,702100.0,7.600502512562815,8171
Mithun Manhas,431,0.0,0.0,0.0,0,42,7.0,43100.0,5.25,431
Moeen Ali,66258,0.0,0.0,0.0,293,11867,2761.5,6625800.0,4.295746606334841,73583
Mohammad Abbas,4075,0.0,0.0,0.0,27,744,252.4,407500.0,2.936069455406472,4750
Mohammad Amir,16961,0.0,0.0,0.0,100,3043,790.7,1696100.0,3.843627636731085,19461
Mohammad Ashraful,3526,0.0,0.0,0.0,3,163,31.0,352600.0,5.09375,3601
Mohammad Asif,8088,0.0,0.0,0.0,46,1603,369.0,808800.0,4.332432432432433,9238
Mohammad Hafeez,19361,0.0,0.0,0.0,54,2238,507.4,1936100.0,4.40204563335956,20711
Mohammad Hasnain,1977,0.0,0.0,0.0,5,393,53.0,197700.0,7.277777777777778,2102
Mohammad Irfan,7225,0.0,0.0,0.0,38,1303,248.4,722500.0,5.224538893344025,8175
Mohammad Kashif,254,0.0,0.0,0.0,0,30,7.0,25400.0,3.75,254
Mohammad Nabi,10915,0.0,0.0,0.0,49,1712,266.8,1091500.0,6.392830470500373,12140
Mohammad Naveed,646,0.0,0.0,0.0,4,139,22.0,64600.0,6.043478260869565,746
Mohammad Nawaz,3124,0.0,0.0,0.0,15,510,94.3,312400.0,5.351521511017839,3499
Mohammad Rafique,3497,0.0,0.0,0.0,22,776,167.0,349700.0,4.619047619047619,4047
Mohammad Saifuddin,1816,0.0,0.0,0.0,5,308,41.0,181600.0,7.333333333333333,1941
Mohammad Sami,3833,0.0,0.0,0.0,15,754,149.5,383300.0,5.009966777408638,4208
Mohammad Shahid,771,0.0,0.0,0.0,0,134,45.0,77100.0,2.9130434782608696,771
Mohammad Shahzad,82,0.0,0.0,0.0,0,14,1.1,8200.0,6.666666666666666,82
Mohammad Sharif,610,0.0,0.0,0.0,0,109,25.4,61000.0,4.128787878787879,610
Mohammad Talha,935,0.0,0.0,0.0,2,158,29.0,93500.0,5.266666666666667,985
Mohammad Tauqir,445,0.0,0.0,0.0,1,68,12.5,44500.0,5.037037037037037,470
Mohammed Shami,56736,0.0,0.0,0.0,400,11194,2437.1,5673600.0,4.591280095156065,66736
Mohammed Siraj,7738,0.0,0.0,0.0,53,1562,248.6,773800.0,6.25801282051282,9063
Mohit Sharma,19486,0.0,0.0,0.0,117,3501,464.3,1948600.0,7.524177949709864,22411
Mohnish Parmar,157,0.0,0.0,0.0,0,33,3.0,15700.0,8.25,157
Moises Henriques,19388,0.0,0.0,0.0,67,2510,352.6,1938800.0,7.09841628959276,21063
Mominul Haque,4184,0.0,0.0,0.0,7,203,37.0,418400.0,5.342105263157895,4359
Moneeb Iqbal,233,0.0,0.0,0.0,0,45,6.0,23300.0,6.428571428571429,233
Monty Panesar,11263,0.0,0.0,0.0,71,2637,929.3,1126300.0,2.834569493711706,13038
Monu Kumar,145,0.0,0.0,0.0,0,20,2.0,14500.0,6.666666666666667,145
Morne Morkel,50706,0.0,0.0,0.0,383,9783,2267.4,5070600.0,4.312731440663022,60281
Mosaddek Hossain,3469,0.0,0.0,0.0,6,322,51.2,346900.0,6.168582375478927,3619
Mosharraf Hossain,309,0.0,0.0,0.0,0,23,3.0,30900.0,5.75,309
Mthokozisi Shezi,165,0.0,0.0,0.0,1,8,6.0,16500.0,1.1428571428571428,190
Mudassar Bukhari,964,0.0,0.0,0.0,9,181,32.4,96400.0,5.419161676646707,1189
Muhammad Musa,109,0.0,0.0,0.0,0,39,3.5,10900.0,8.666666666666666,109
Mujeeb Ur Rahman,8784,0.0,0.0,0.0,53,1501,238.5,878400.0,6.267223382045929,10109
Munaf Patel,30705,0.0,0.0,0.0,198,5563,1152.9,3070500.0,4.821041684721379,35655
Munir Dar,374,0.0,0.0,0.0,0,55,10.0,37400.0,5.0,374
Murali Kartik,12796,0.0,0.0,0.0,51,2218,358.9,1279600.0,6.162823006390664,14071
Murali Vijay,6274,0.0,0.0,0.0,1,247,70.0,627400.0,3.4788732394366195,6299
Murugan Ashwin,5008,0.0,0.0,0.0,25,784,100.6,500800.0,7.716535433070867,5633
Musavir Khote,390,0.0,0.0,0.0,2,51,5.0,39000.0,8.5,440
Mushfiqur Rahman,593,0.0,0.0,0.0,1,81,12.0,59300.0,6.230769230769231,618
Mustafizur Rahman,11649,0.0,0.0,0.0,80,2240,381.2,1164900.0,5.860805860805861,13649
Muthumudalige Pushpakumara,186,0.0,0.0,0.0,1,27,3.0,18600.0,6.75,211
Muttiah Muralitharan,24803,0.0,0.0,0.0,166,4734,993.7,2480300.0,4.759223886598974,28953
Nadeem Ahmed,659,0.0,0.0,0.0,0,91,18.0,65900.0,4.7894736842105265,659
Naeem Islam,5316,0.0,0.0,0.0,21,707,142.0,531600.0,4.944055944055944,5841
Najeeb Amar,374,0.0,0.0,0.0,2,40,10.0,37400.0,3.6363636363636362,424
Najmul Hossain Shanto,111,0.0,0.0,0.0,0,13,0.4,11100.0,9.285714285714286,111
Narsingh Deonarine,5962,0.0,0.0,0.0,13,639,146.7,596200.0,4.326337169939066,6287
Naseem Shah,1270,0.0,0.0,0.0,4,292,63.3,127000.0,4.541213063763609,1370
Nasir Hossain,5368,0.0,0.0,0.0,15,590,116.8,536800.0,5.00848896434635,5743
Nathan Astle,555,0.0,0.0,0.0,0,67,11.0,55500.0,5.583333333333333,555
Nathan Bracken,6148,0.0,0.0,0.0,40,1113,228.7,614800.0,4.845450587723118,7148
Nathan Coulter-Nile,23789,0.0,0.0,0.0,184,4549,663.3,2378900.0,6.847809724522054,28389
Nathan Ellis,3697,0.0,0.0,0.0,24,676,84.5,369700.0,7.906432748538012,4297
Nathan Hauritz,12784,0.0,0.0,0.0,47,2250,483.4,1278400.0,4.644921552436004,13959
Nathan Lyon,38925,0.0,0.0,0.0,294,8951,2617.4,3892500.0,3.4184998472349526,46275
Nathan McAndrew,3357,0.0,0.0,0.0,17,512,59.4,335700.0,8.47682119205298,3782
Nathan McCullum,19745,0.0,0.0,0.0,83,3000,547.1,1974500.0,5.473453749315818,21820
Nathan Reardon,297,0.0,0.0,0.0,0,29,2.0,29700.0,9.666666666666666,297
Nathan Rimmington,6519,0.0,0.0,0.0,41,1121,138.8,651900.0,8.01859799713877,7544
Nathu Singh,322,0.0,0.0,0.0,1,15,4.0,32200.0,3.0,347
Natsai M'shangwe,945,0.0,0.0,0.0,2,170,33.0,94500.0,5.0,995
Navdeep Saini,8558,0.0,0.0,0.0,36,1539,210.9,855800.0,7.262859839546956,9458
Naved-ul-Hasan,5124,0.0,0.0,0.0,42,992,163.9,512400.0,6.015767131594906,6174
Naveen-ul-Haq,841,0.0,0.0,0.0,9,172,28.0,84100.0,5.931034482758621,1066
Nawroz Mangal,533,0.0,0.0,0.0,1,28,1.5,53300.0,11.2,558
Nayan Doshi,489,0.0,0.0,0.0,2,79,9.2,48900.0,7.745098039215687,539
Nazmul Hossain,1502,0.0,0.0,0.0,5,265,46.0,150200.0,5.638297872340425,1627
Nazmul Islam,610,0.0,0.0,0.0,4,110,16.3,61000.0,6.358381502890174,710
Nehemiah Odhiambo,356,0.0,0.0,0.0,0,43,5.0,35600.0,7.166666666666667,356
Neil Wagner,22114,0.0,0.0,0.0,190,4914,1610.4,2211400.0,3.0495221546481317,26864
Nelon Pascal,246,0.0,0.0,0.0,0,29,4.0,24600.0,5.8,246
Neville Madziva,1372,0.0,0.0,0.0,5,225,32.1,137200.0,6.7975830815709966,1497
Nic Maddinson,1426,0.0,0.0,0.0,6,123,16.0,142600.0,7.235294117647059,1576
Nicholas Bills,195,0.0,0.0,0.0,2,44,4.0,19500.0,8.8,245
Nick Buchanan,880,0.0,0.0,0.0,4,129,12.0,88000.0,9.923076923076923,980
Nick Winter,654,0.0,0.0,0.0,5,85,11.2,65400.0,6.967213114754099,779
Nigel Jones,201,0.0,0.0,0.0,2,32,9.0,20100.0,3.2,251
Nikita Miller,7116,0.0,0.0,0.0,34,1127,234.0,711600.0,4.7957446808510635,7966
Nitish Rana,2392,0.0,0.0,0.0,7,142,17.1,239200.0,7.845303867403314,2567
Nizakat Khan,285,0.0,0.0,0.0,0,15,1.0,28500.0,7.5,285
Noor Ahmad,694,0.0,0.0,0.0,2,121,14.0,69400.0,8.066666666666666,744
Nuwan Kulasekara,23714,0.0,0.0,0.0,115,4263,790.9,2371400.0,5.383255461548176,26589
Nuwan Pradeep,16207,0.0,0.0,0.0,76,3188,713.5,1620700.0,4.46186144156753,18107
Nuwan Zoysa,1414,0.0,0.0,0.0,7,259,35.0,141400.0,7.194444444444445,1589
Obed McCoy,743,0.0,0.0,0.0,5,153,17.0,74300.0,8.5,868
Odean Smith,154,0.0,0.0,0.0,1,38,3.0,15400.0,9.5,179
Olly Stone,770,0.0,0.0,0.0,4,126,28.0,77000.0,4.344827586206897,870
Omari Banks,262,0.0,0.0,0.0,1,41,10.0,26200.0,3.727272727272727,287
Oshada Fernando,684,0.0,0.0,0.0,0,32,4.0,68400.0,6.4,684
Oshane Thomas,5193,0.0,0.0,0.0,37,960,128.5,519300.0,7.413127413127413,6118
Owais Shah,1477,0.0,0.0,0.0,2,92,17.1,147700.0,5.082872928176795,1527
P Hatzoglou,1192,0.0,0.0,0.0,10,240,27.0,119200.0,8.571428571428571,1442
PM Sarvesh Kumar,342,0.0,0.0,0.0,1,42,5.0,34200.0,7.0,367
Padmanabhan Prasanth,97,0.0,0.0,0.0,0,18,1.0,9700.0,9.0,97
Paidikalva Vijaykumar,1514,0.0,0.0,0.0,4,199,25.2,151400.0,7.595419847328245,1614
Palani  Amarnath,1071,0.0,0.0,0.0,7,236,22.0,107100.0,10.26086956521739,1246
Palaniapan Meiyappan,269,0.0,0.0,0.0,1,60,10.0,26900.0,5.454545454545454,294
Pankaj Singh,4236,0.0,0.0,0.0,13,805,132.0,423600.0,6.052631578947368,4561
Pardeep Sahu,757,0.0,0.0,0.0,3,146,17.3,75700.0,7.978142076502732,832
Parth Desai,316,0.0,0.0,0.0,1,60,9.0,31600.0,6.0,341
Parvez Rasool,2047,0.0,0.0,0.0,5,303,37.0,204700.0,7.973684210526316,2172
Parvinder Awana,5357,0.0,0.0,0.0,37,1071,126.3,535700.0,8.413197172034565,6282
Pat Brown,674,0.0,0.0,0.0,3,128,13.0,67400.0,9.142857142857142,749
Pat Cummins,36398,0.0,0.0,0.0,266,6942,1574.1,3639800.0,4.407339216557679,43048
Paul Collingwood,18560,0.0,0.0,0.0,48,1856,375.0,1856000.0,4.9361702127659575,19760
Paul Harris,4097,0.0,0.0,0.0,17,962,332.6,409700.0,2.883693045563549,4522
Paul Hitchcock,193,0.0,0.0,0.0,2,43,3.0,19300.0,10.75,243
Paul Hoffmann,954,0.0,0.0,0.0,4,153,37.0,95400.0,4.026315789473684,1054
Paul Mooney,700,0.0,0.0,0.0,0,83,9.3,70000.0,8.058252427184465,700
Paul Stirling,3157,0.0,0.0,0.0,4,358,57.1,315700.0,6.161790017211704,3257
Paul Valthaty,1593,0.0,0.0,0.0,7,205,25.1,159300.0,7.854406130268199,1768
Pawan Negi,6797,0.0,0.0,0.0,35,936,120.2,679700.0,7.7227722772277225,7672
Pawan Suyal,778,0.0,0.0,0.0,2,151,16.0,77800.0,8.882352941176471,828
Pedro Collins,1619,0.0,0.0,0.0,10,394,116.3,161900.0,3.3589087809036657,1869
Peter Borren,905,0.0,0.0,0.0,5,177,31.0,90500.0,5.53125,1030
Peter Chase,1230,0.0,0.0,0.0,10,276,36.0,123000.0,7.45945945945946,1480
Peter Connell,1067,0.0,0.0,0.0,4,204,37.0,106700.0,5.368421052631579,1167
Peter George,702,0.0,0.0,0.0,2,77,28.0,70200.0,2.6551724137931036,752
Peter Ongondo,615,0.0,0.0,0.0,5,68,18.0,61500.0,3.5789473684210527,740
Peter Siddle,20907,0.0,0.0,0.0,136,3653,926.0,2090700.0,3.9406688241639696,24307
Phil Eaglestone,402,0.0,0.0,0.0,1,60,7.0,40200.0,7.5,427
Pieter Malan,248,0.0,0.0,0.0,0,5,2.0,24800.0,1.6666666666666667,248
Pieter Seelaar,916,0.0,0.0,0.0,7,154,27.0,91600.0,5.5,1091
Piyush Chawla,33881,0.0,0.0,0.0,192,5693,838.8,3388100.0,6.778994998809241,38681
Prabath Jayasuriya,609,0.0,0.0,0.0,0,95,16.0,60900.0,5.588235294117647,609
Pradeep Jeyapragash,220,0.0,0.0,0.0,1,21,6.0,22000.0,3.0,245
Pradeep Sangwan,6123,0.0,0.0,0.0,35,1175,133.4,612300.0,8.742559523809524,6998
Pragyan Ojha,32221,0.0,0.0,0.0,233,6536,1752.6,3222100.0,3.727189781021898,38046
Prasanth Parameswaran,1192,0.0,0.0,0.0,9,224,25.4,119200.0,8.484848484848484,1417
Prasidh Krishna,3989,0.0,0.0,0.0,18,801,85.5,398900.0,9.260115606936417,4439
Praveen Dubey,440,0.0,0.0,0.0,0,72,8.0,44000.0,8.0,440
Praveen Kumar,38806,0.0,0.0,0.0,202,6877,1249.3,3880600.0,5.500279932816125,43856
Pravin Tambe,5292,0.0,0.0,0.0,28,853,110.0,529200.0,7.684684684684685,5992
Prayas Ray Barman,231,0.0,0.0,0.0,0,56,4.0,23100.0,11.2,231
Prince Masvaure,1158,0.0,0.0,0.0,0,61,14.0,115800.0,4.066666666666666,1158
Prithvi Raj,338,0.0,0.0,0.0,1,57,5.0,33800.0,9.5,363
Prosper Utseya,6169,0.0,0.0,0.0,27,1096,231.0,616900.0,4.724137931034483,6844
Qadeer Ahmed,82,0.0,0.0,0.0,1,23,2.0,8200.0,7.666666666666667,107
Qais Ahmad,2719,0.0,0.0,0.0,19,496,62.0,271900.0,7.873015873015873,3194
RP Singh,35467,0.0,0.0,0.0,209,6401,1143.0,3546700.0,5.59527972027972,40692
Rahat Ali,5605,0.0,0.0,0.0,30,1004,293.5,560500.0,3.409168081494058,6355
Rahil Shaikh,166,0.0,0.0,0.0,0,11,1.0,16600.0,5.5,166
Rahkeem Cornwall,584,0.0,0.0,0.0,3,173,64.0,58400.0,2.6615384615384614,659
Rahmat Shah,1033,0.0,0.0,0.0,1,72,11.0,103300.0,6.0,1058
Rahul Chahar,4802,0.0,0.0,0.0,31,826,110.0,480200.0,7.441441441441442,5577
Rahul Sharma,7612,0.0,0.0,0.0,49,1283,191.4,761200.0,6.668399168399168,8837
Rahul Shukla,1109,0.0,0.0,0.0,5,208,20.0,110900.0,9.904761904761905,1234
Rahul Tewatia,5521,0.0,0.0,0.0,24,680,95.2,552100.0,7.0686070686070686,6121
Rahul Tripathi,184,0.0,0.0,0.0,0,12,1.0,18400.0,6.0,184
Raiphi Gomez,1338,0.0,0.0,0.0,5,129,16.0,133800.0,7.588235294117647,1463
Rajagopal Sathish,2022,0.0,0.0,0.0,3,206,21.1,202200.0,9.32126696832579,2097
Rajat Bhatia,13317,0.0,0.0,0.0,71,1985,268.0,1331700.0,7.379182156133829,15092
Rajin Saleh,735,0.0,0.0,0.0,1,50,9.0,73500.0,5.0,760
Raju Bhatkal,208,0.0,0.0,0.0,0,35,2.0,20800.0,11.666666666666666,208
Ramesh Powar,10239,0.0,0.0,0.0,50,1654,329.6,1023900.0,5.003024803387779,11489
Ramith Rambukwella,144,0.0,0.0,0.0,0,27,2.3,14400.0,8.181818181818182,144
Ramnaresh Sarwan,2324,0.0,0.0,0.0,6,220,41.0,232400.0,5.238095238095238,2474
Ranadeb Bose,168,0.0,0.0,0.0,0,24,2.0,16800.0,8.0,168
Rangana Herath,26877,0.0,0.0,0.0,149,5401,1708.9,2687700.0,3.158664249371308,30602
Raqibul Hasan,544,0.0,0.0,0.0,1,0,1.0,54400.0,0.0,569
Rashid Khan,19802,0.0,0.0,0.0,162,3382,537.7,1980200.0,6.27807685167997,23852
Rasikh Salam,213,0.0,0.0,0.0,0,42,4.0,21300.0,8.4,213
Ravi Bishnoi,2343,0.0,0.0,0.0,12,376,51.0,234300.0,7.230769230769231,2643
Ravi Bopara,22251,0.0,0.0,0.0,59,2076,367.4,2225100.0,5.635179153094463,23726
Ravi Rampaul,16653,0.0,0.0,0.0,123,3204,639.8,1665300.0,5.0,19728
Ravichandran Ashwin,91781,8.0,0.0,144.0,712,19188,5019.3,63297.24137931035,3.822082345676553,109581
Ravindra Jadeja,95560,0.0,0.0,0.0,543,16776,4144.5,9556000.0,4.046797732481004,109135
Rawl Lewis,246,0.0,0.0,0.0,1,35,8.0,24600.0,3.888888888888889,271
Ray Price,2817,0.0,0.0,0.0,7,510,104.3,281700.0,4.843304843304844,2992
Rayad Emrit,941,0.0,0.0,0.0,3,174,21.0,94100.0,7.909090909090909,1016
Raymon Reifer,664,0.0,0.0,0.0,2,88,30.0,66400.0,2.838709677419355,714
Raza Hasan,443,0.0,0.0,0.0,4,107,18.0,44300.0,5.631578947368421,543
Reece Topley,3612,0.0,0.0,0.0,22,614,102.8,361200.0,5.9152215799614645,4162
Reeza Hendricks,485,0.0,0.0,0.0,0,34,4.0,48500.0,6.8,485
Regan West,565,0.0,0.0,0.0,1,81,16.0,56500.0,4.764705882352941,590
Reinhardt Strydom,402,0.0,0.0,0.0,1,63,8.0,40200.0,7.0,427
Rhett Lockyear,817,0.0,0.0,0.0,2,69,7.0,81700.0,8.625,867
Richard Gleeson,1314,0.0,0.0,0.0,7,244,23.4,131400.0,10.0,1489
Richie Berrington,1243,0.0,0.0,0.0,3,135,16.4,124300.0,7.7586206896551735,1318
Ricky Ponting,1138,0.0,0.0,0.0,1,38,5.0,113800.0,6.333333333333333,1163
Rilee Rossouw,418,0.0,0.0,0.0,1,30,5.0,41800.0,5.0,443
Riley Meredith,4480,0.0,0.0,0.0,39,848,106.4,448000.0,7.895716945996275,5455
Rishi Dhawan,4988,0.0,0.0,0.0,20,842,110.2,498800.0,7.571942446043165,5488
Riyan Parag,1359,0.0,0.0,0.0,2,148,16.0,135900.0,8.705882352941176,1409
Rizwan Cheema,897,0.0,0.0,0.0,1,148,15.5,89700.0,8.969696969696969,922
Rob Nicol,4125,0.0,0.0,0.0,10,324,51.4,412500.0,6.183206106870229,4375
Rob Taylor,446,0.0,0.0,0.0,3,92,13.0,44600.0,6.571428571428571,521
Robbie Frylinck,307,0.0,0.0,0.0,4,53,8.0,30700.0,5.888888888888889,407
Robin Peterson,7713,0.0,0.0,0.0,43,1384,265.0,771300.0,5.203007518796992,8788
Robiul Islam,668,0.0,0.0,0.0,0,119,23.0,66800.0,4.958333333333333,668
Roelof van der Merwe,5776,0.0,0.0,0.0,31,991,143.5,577600.0,6.858131487889273,6551
Roger Telemachus,127,0.0,0.0,0.0,0,28,4.0,12700.0,5.6,127
Rohan Gavaskar,135,0.0,0.0,0.0,0,8,1.0,13500.0,4.0,135
Rohan Mustafa,470,0.0,0.0,0.0,2,72,14.1,47000.0,4.768211920529802,520
Rohan Raje,1286,0.0,0.0,0.0,6,209,22.7,128600.0,8.818565400843882,1436
Rohit Sharma,20604,0.0,0.0,0.0,26,1282,225.4,2060400.0,5.662544169611308,21254
Romario Shepherd,1368,0.0,0.0,0.0,6,249,46.2,136800.0,5.275423728813559,1518
Ronit More,361,0.0,0.0,0.0,1,59,5.5,36100.0,9.076923076923077,386
Ronnie Hira,1867,0.0,0.0,0.0,9,281,34.2,186700.0,7.982954545454545,2092
Ronsford Beaton,249,0.0,0.0,0.0,0,42,9.0,24900.0,4.2,249
Rory Kleinveldt,2084,0.0,0.0,0.0,11,376,66.2,208400.0,5.595238095238095,2359
Ross Lyons,733,0.0,0.0,0.0,3,171,27.0,73300.0,6.107142857142857,808
Ross Taylor,2186,0.0,0.0,0.0,2,70,15.4,218600.0,4.2682926829268295,2236
Roston Chase,11451,0.0,0.0,0.0,43,2027,531.6,1145100.0,3.805858054825385,12526
Rovman Powell,2365,0.0,0.0,0.0,4,180,27.0,236500.0,6.428571428571429,2465
Roy Lamsam,374,0.0,0.0,0.0,0,27,2.0,37400.0,9.0,374
Rubel Hossain,13383,0.0,0.0,0.0,58,2607,448.2,1338300.0,5.803650934995548,14833
Rumman Raees,2117,0.0,0.0,0.0,15,453,70.5,211700.0,6.335664335664336,2492
Runako Morton,180,0.0,0.0,0.0,0,2,1.0,18000.0,1.0,180
Russel Arnold,1278,0.0,0.0,0.0,0,57,9.4,127800.0,5.480769230769231,1278
Rusty Theron,2063,0.0,0.0,0.0,12,372,45.0,206300.0,8.08695652173913,2363
Ryan Burl,229,0.0,0.0,0.0,0,30,2.0,22900.0,10.0,229
Ryan Duffield,1023,0.0,0.0,0.0,5,197,21.0,102300.0,8.954545454545455,1148
Ryan Gibson,151,0.0,0.0,0.0,0,10,1.0,15100.0,5.0,151
Ryan Harris,13923,0.0,0.0,0.0,99,2554,562.5,1392300.0,4.532386867790595,16398
Ryan McLaren,13075,0.0,0.0,0.0,85,2427,389.8,1307500.0,6.210337768679631,15200
Ryan Ninan,358,0.0,0.0,0.0,3,65,6.0,35800.0,9.285714285714286,433
Ryan Sidebottom,7032,0.0,0.0,0.0,48,1353,342.0,703200.0,3.944606413994169,8232
Ryan Watson,695,0.0,0.0,0.0,2,136,27.0,69500.0,4.857142857142857,745
Ryan ten Doeschate,2243,0.0,0.0,0.0,9,286,43.0,224300.0,6.5,2468
Saad Nasim,97,0.0,0.0,0.0,0,12,1.0,9700.0,6.0,97
Sabbir Rahman,4788,0.0,0.0,0.0,1,183,34.2,478800.0,5.198863636363636,4813
Sachin Baby,224,0.0,0.0,0.0,2,8,1.4,22400.0,3.3333333333333335,274
Sachin Rana,417,0.0,0.0,0.0,0,18,2.4,41700.0,5.294117647058823,417
Sachin Tendulkar,26907,0.0,0.0,0.0,34,1751,352.5,2690700.0,4.953323903818953,27757
Sachith Pathirana,2361,0.0,0.0,0.0,8,337,62.0,236100.0,5.349206349206349,2561
Sachithra Senanayake,8002,0.0,0.0,0.0,47,1366,254.5,800200.0,5.346379647749511,9177
Saeed Ajmal,13844,0.0,0.0,0.0,135,2695,685.8,1384400.0,3.923995340710542,17219
Safyaan Sharif,365,0.0,0.0,0.0,1,71,9.5,36500.0,6.761904761904762,390
Sajid Mahmood,1479,0.0,0.0,0.0,6,300,46.3,147900.0,6.342494714587739,1629
Saleem Mukuddem,276,0.0,0.0,0.0,0,41,8.0,27600.0,4.555555555555555,276
Salman Butt,1361,0.0,0.0,0.0,1,70,9.8,136100.0,6.481481481481481,1386
Sam Curran,13062,0.0,0.0,0.0,69,2138,449.5,1306200.0,4.745837957824639,14787
Sam Rainbird,2670,0.0,0.0,0.0,12,429,49.1,267000.0,8.562874251497005,2970
Samit Patel,11657,0.0,0.0,0.0,29,1741,311.1,1165700.0,5.578340275552707,12382
Samiullah Shinwari,1596,0.0,0.0,0.0,2,205,30.2,159600.0,6.57051282051282,1646
Samuel Badree,9992,0.0,0.0,0.0,63,1614,245.0,999200.0,6.560975609756097,11567
Sanath Jayasuriya,10849,0.0,0.0,0.0,28,1290,202.6,1084900.0,6.335952848722987,11549
Sandeep Lamichhane,5117,0.0,0.0,0.0,43,931,122.4,511700.0,7.544570502431118,6192
Sandeep Sharma,14490,0.0,0.0,0.0,109,2646,342.1,1449000.0,7.7120373069076065,17215
Sandeep Warrier,710,0.0,0.0,0.0,2,119,15.0,71000.0,7.4375,760
Sanjay Bangar,1392,0.0,0.0,0.0,4,219,25.0,139200.0,8.423076923076923,1492
Saqib Mahmood,1856,0.0,0.0,0.0,8,346,50.5,185600.0,6.718446601941747,2056
Sarabjit Ladda,1453,0.0,0.0,0.0,5,224,23.0,145300.0,9.333333333333334,1578
Sarfaraz Khan,174,0.0,0.0,0.0,0,6,0.2,17400.0,5.0,174
Scott Boland,11097,0.0,0.0,0.0,72,2204,287.9,1109700.0,7.628937348563517,12897
Scott Borthwick,340,0.0,0.0,0.0,0,72,9.0,34000.0,7.2,340
Scott Coyte,1892,0.0,0.0,0.0,8,303,43.1,189200.0,6.870748299319728,2092
Scott Kuggeleijn,2659,0.0,0.0,0.0,15,505,55.5,265900.0,8.938053097345133,3034
Scott Styris,11081,0.0,0.0,0.0,37,1412,246.1,1108100.0,5.714285714285714,12006
Sean Abbott,13169,0.0,0.0,0.0,107,2444,288.6,1316900.0,8.439226519337016,15844
Sean Williams,5055,0.0,0.0,0.0,14,679,144.8,505500.0,4.657064471879286,5405
Seekkuge Prasanna,6378,0.0,0.0,0.0,15,1074,177.7,637800.0,6.010072747621713,6753
Senuran Muthusamy,1426,0.0,0.0,0.0,2,180,37.3,142600.0,4.699738903394256,1476
Seth Rance,1072,0.0,0.0,0.0,10,245,27.0,107200.0,8.75,1322
Shadab Jakati,8571,0.0,0.0,0.0,47,1451,180.5,857100.0,7.994490358126722,9746
Shadab Khan,9109,0.0,0.0,0.0,68,1667,286.1,910900.0,5.806339254615116,10809
Shafiul Islam,9016,0.0,0.0,0.0,33,1553,305.3,901600.0,5.070192621612798,9841
Shahadat Hossain,5497,0.0,0.0,0.0,18,1037,203.5,549700.0,5.070904645476773,5947
Shahbaz Ahmed,331,0.0,0.0,0.0,2,44,6.0,33100.0,6.285714285714286,381
Shahbaz Nadeem,10954,0.0,0.0,0.0,50,1765,244.3,1095400.0,7.195271096616388,12204
Shaheen Afridi,7848,0.0,0.0,0.0,55,1652,328.7,784800.0,5.010615711252654,9223
Shahid Afridi,23929,0.0,0.0,0.0,106,3967,718.3,2392900.0,5.515084109550953,26579
Shaiman Anwar,341,0.0,0.0,0.0,0,4,0.4,34100.0,2.857142857142857,341
Shakib Al Hasan,34330,0.0,0.0,0.0,184,6048,1224.4,3433000.0,4.935531255100375,38930
Shalabh Srivastava,2276,0.0,0.0,0.0,14,441,47.0,227600.0,9.1875,2626
Shaminda Eranga,6754,0.0,0.0,0.0,36,1383,340.8,675400.0,4.046225863077823,7654
Shamsur Rahman,219,0.0,0.0,0.0,0,13,1.0,21900.0,6.5,219
Shan Masood,2441,0.0,0.0,0.0,2,67,16.0,244100.0,3.9411764705882355,2491
Shane Bond,5302,0.0,0.0,0.0,42,928,177.6,530200.0,5.195968645016798,6352
Shane Harwood,1237,0.0,0.0,0.0,10,213,27.0,123700.0,7.607142857142857,1487
Shane Shillingford,2741,0.0,0.0,0.0,22,786,246.3,274100.0,3.178325919935301,3291
Shane Warne,9930,0.0,0.0,0.0,68,1788,246.0,993000.0,7.238866396761134,11630
Shane Watson,49465,0.0,0.0,0.0,226,6911,1170.7,4946500.0,5.898267474609542,55115
Shannon Gabriel,14103,0.0,0.0,0.0,69,2660,679.9,1410300.0,3.906594213540902,15828
Shapoor Zadran,1479,0.0,0.0,0.0,6,281,43.0,147900.0,6.386363636363637,1629
Sharafuddin Ashraf,500,0.0,0.0,0.0,2,94,19.0,50000.0,4.7,550
Shardul Thakur,13316,0.0,0.0,0.0,88,2605,353.7,1331600.0,7.3442345644206375,15516
Shaun Pollock,4895,0.0,0.0,0.0,42,681,193.0,489500.0,3.5103092783505154,5945
Shaun Tait,12547,0.0,0.0,0.0,100,2482,330.5,1254700.0,7.487179487179487,15047
Shaun Udal,379,0.0,0.0,0.0,5,67,25.2,37900.0,2.5572519083969465,504
Shehan Jayasuriya,1713,0.0,0.0,0.0,2,168,20.5,171300.0,7.813953488372093,1763
Sheldon Cottrell,11182,0.0,0.0,0.0,71,2022,314.7,1118200.0,6.404814697497625,12957
Sherfane Rutherford,1253,0.0,0.0,0.0,2,108,12.5,125300.0,8.0,1303
Shermon Lewis,649,0.0,0.0,0.0,2,93,20.0,64900.0,4.428571428571429,699
Shikhar Dhawan,2680,0.0,0.0,0.0,4,84,17.0,268000.0,4.666666666666667,2780
Shingi Masakadza,1957,0.0,0.0,0.0,9,365,55.7,195700.0,6.437389770723104,2182
Shivam Dube,2714,0.0,0.0,0.0,6,314,32.9,271400.0,9.262536873156343,2864
Shivam Mavi,2743,0.0,0.0,0.0,14,482,54.0,274300.0,8.763636363636364,3093
Shivam Sharma,885,0.0,0.0,0.0,4,165,19.0,88500.0,8.25,985
Shivil Kaushik,1734,0.0,0.0,0.0,6,297,34.0,173400.0,8.485714285714286,1884
Shivnarine Chanderpaul,547,0.0,0.0,0.0,1,55,15.0,54700.0,3.4375,572
Shoaib Ahmed,1103,0.0,0.0,0.0,5,152,17.0,110300.0,8.444444444444445,1228
Shoaib Akhtar,6974,0.0,0.0,0.0,41,1275,272.7,697400.0,4.658385093167702,7999
Shoaib Malik,17977,0.0,0.0,0.0,51,2041,371.6,1797700.0,5.477724100912506,19252
Shreyas Gopal,7364,0.0,0.0,0.0,48,1164,148.1,736400.0,7.8068410462776665,8564
Shreyas Iyer,531,0.0,0.0,0.0,0,15,2.0,53100.0,5.0,531
Shrikant Mundhe,56,0.0,0.0,0.0,1,6,1.0,5600.0,3.0,81
Shrikant Wagh,1235,0.0,0.0,0.0,5,137,17.0,123500.0,7.611111111111111,1360
Shubham Agarwal,188,0.0,0.0,0.0,1,42,4.0,18800.0,8.4,213
Shuvagata Hom,1016,0.0,0.0,0.0,1,109,27.0,101600.0,3.892857142857143,1041
Siddarth Kaul,8514,0.0,0.0,0.0,55,1712,203.3,851400.0,8.379833578071462,9889
Siddharth Chitnis,344,0.0,0.0,0.0,2,60,6.0,34400.0,8.571428571428571,394
Siddharth Trivedi,10870,0.0,0.0,0.0,64,1884,246.8,1087000.0,7.602905569007263,12470
Sikandar Raza,3155,0.0,0.0,0.0,3,282,59.0,315500.0,4.7,3230
Simi Singh,1796,0.0,0.0,0.0,8,273,46.5,179600.0,5.747368421052632,1996
Simon Harmer,1905,0.0,0.0,0.0,20,588,191.2,190500.0,3.0593132154006244,2405
Simon Katich,1757,0.0,0.0,0.0,1,91,24.0,175700.0,3.64,1782
Simon Keen,469,0.0,0.0,0.0,1,48,5.0,46900.0,8.0,494
Simon Milenko,1854,0.0,0.0,0.0,9,207,20.3,185400.0,9.71830985915493,2079
Sir Alastair Cook,391,0.0,0.0,0.0,1,6,2.0,39100.0,2.0,416
Skhawat Ali,374,0.0,0.0,0.0,0,68,8.0,37400.0,7.555555555555555,374
Sohag Gazi,3089,0.0,0.0,0.0,14,548,103.1,308900.0,5.264169068203651,3439
Sohaib Maqsood,278,0.0,0.0,0.0,0,23,3.0,27800.0,5.75,278
Sohail Khan,3105,0.0,0.0,0.0,28,774,186.9,310500.0,4.1192123469930815,3805
Sohail Tanvir,10255,0.0,0.0,0.0,69,2042,349.9,1025500.0,5.8193217440866345,11980
Sohrawordi Shuvo,947,0.0,0.0,0.0,5,96,30.0,94700.0,3.096774193548387,1072
Solomon Mire,1010,0.0,0.0,0.0,0,128,14.0,101000.0,8.533333333333333,1010
Soumya Sarkar,5161,0.0,0.0,0.0,7,326,66.3,516100.0,4.843982169390788,5336
Sourav Ganguly,14986,0.0,0.0,0.0,23,1117,233.0,1498600.0,4.773504273504273,15561
Sourav Sarkar,226,0.0,0.0,0.0,1,34,4.1,22600.0,6.666666666666667,251
Sreenath Aravind,6094,0.0,0.0,0.0,46,1083,129.8,609400.0,8.279816513761467,7244
Sreesanth,34810,0.0,0.0,0.0,194,6838,1400.5,3481000.0,4.879058151980021,39660
Sridharan Sriram,793,0.0,0.0,0.0,4,129,22.0,79300.0,5.608695652173913,893
Stephen Cook,361,0.0,0.0,0.0,0,16,2.0,36100.0,5.333333333333333,361
Stephen Parry,1292,0.0,0.0,0.0,8,230,35.0,129200.0,6.388888888888889,1492
Steve Harmison,3664,0.0,0.0,0.0,12,631,155.2,366400.0,4.039692701664533,3964
Steve O'Keefe,11078,0.0,0.0,0.0,78,1863,369.3,1107800.0,5.0310559006211175,13028
Steve Tikolo,932,0.0,0.0,0.0,1,161,22.0,93200.0,7.0,957
Steven Finn,30390,0.0,0.0,0.0,218,6035,1378.5,3039000.0,4.374773468648061,35840
Steven Smith,16947,0.0,0.0,0.0,38,1165,215.6,1694700.0,5.378578024007387,17897
Stiaan van Zyl,3223,0.0,0.0,0.0,6,148,67.1,322300.0,2.173274596182085,3373
Stuart Binny,14123,0.0,0.0,0.0,33,1324,224.0,1412300.0,5.884444444444444,14948
Stuart Broad,73708,3.0,0.0,30.0,501,13888,3919.2,237767.74193548385,3.5426763940615276,86233
Stuart Clark,6693,0.0,0.0,0.0,33,1067,354.4,669300.0,3.002250984805853,7518
Stuart MacGill,1025,0.0,0.0,0.0,7,166,25.0,102500.0,6.384615384615385,1200
Stuart Matsikenyeri,300,0.0,0.0,0.0,0,16,2.0,30000.0,5.333333333333333,300
Stuart Meaker,829,0.0,0.0,0.0,4,180,26.5,82900.0,6.545454545454546,929
Stuart Thompson,1292,0.0,0.0,0.0,6,206,29.5,129200.0,6.754098360655738,1442
Subashis Roy,1580,0.0,0.0,0.0,7,284,70.2,158000.0,3.98876404494382,1755
Sudeep Tyagi,3323,0.0,0.0,0.0,9,460,63.8,332300.0,7.098765432098766,3548
Sudhesan Midhun,140,0.0,0.0,0.0,0,27,2.0,14000.0,9.0,140
Sulieman Benn,14965,0.0,0.0,0.0,65,2805,684.4,1496500.0,4.092500729501022,16590
Sumit Narwal,967,0.0,0.0,0.0,5,202,17.4,96700.0,10.978260869565219,1092
Sunil Dhaniram,847,0.0,0.0,0.0,0,82,15.0,84700.0,5.125,847
Sunil Joshi,716,0.0,0.0,0.0,1,82,9.1,71600.0,8.118811881188119,741
Sunil Narine,41333,0.0,0.0,0.0,275,6878,1292.2,4133300.0,5.31858954531395,48208
Sunny Gupta,222,0.0,0.0,0.0,0,47,3.0,22200.0,11.75,222
Suraj Randiv,8835,0.0,0.0,0.0,46,1775,412.0,883500.0,4.297820823244552,9985
Suranga Lakmal,25921,0.0,0.0,0.0,123,4613,1153.4,2592100.0,3.996015246015246,28996
Suresh Raina,47117,0.0,0.0,0.0,86,3911,725.8,4711700.0,5.381122729774353,49267
Suryakumar Yadav,160,0.0,0.0,0.0,0,8,1.0,16000.0,4.0,160
Swapnil Singh,757,0.0,0.0,0.0,1,90,10.0,75700.0,8.181818181818182,782
Syed Rasel,2906,0.0,0.0,0.0,10,486,103.7,290600.0,4.641833810888252,3156
T Natarajan,5147,0.0,0.0,0.0,32,969,159.3,514700.0,6.044915782907049,5947
TP Sudhindra,580,0.0,0.0,0.0,1,136,11.4,58000.0,10.96774193548387,605
Tabraiz Shamsi,9330,0.0,0.0,0.0,49,1860,333.2,933000.0,5.565529622980251,10555
Tafadzwa Kamungozi,510,0.0,0.0,0.0,1,66,11.0,51000.0,5.5,535
Taijul Islam,4693,0.0,0.0,0.0,14,993,273.5,469300.0,3.6174863387978142,5043
Tanbir Hayder,490,0.0,0.0,0.0,0,67,10.0,49000.0,6.090909090909091,490
Tanveer Sangha,1377,0.0,0.0,0.0,15,228,30.3,137700.0,7.284345047923322,1752
Tanvir Ahmed,1114,0.0,0.0,0.0,9,225,60.5,111400.0,3.658536585365854,1339
Tanwir Afzal,285,0.0,0.0,0.0,0,34,4.0,28500.0,6.8,285
Tapash Baisya,459,0.0,0.0,0.0,4,102,20.0,45900.0,4.857142857142857,559
Tarun Nethula,913,0.0,0.0,0.0,3,208,34.0,91300.0,5.942857142857143,988
Taskin Ahmed,8106,0.0,0.0,0.0,25,1498,270.0,810600.0,5.527675276752768,8731
Taurai Muzarabani,573,0.0,0.0,0.0,2,79,15.0,57300.0,4.9375,623
Tawanda Mupariwa,414,0.0,0.0,0.0,0,104,16.0,41400.0,6.117647058823529,414
Tejas Baroka,140,0.0,0.0,0.0,0,33,3.3,14000.0,7.674418604651163,140
Temba Bavuma,1946,0.0,0.0,0.0,1,61,16.0,194600.0,3.588235294117647,1971
Tendai Chatara,4001,0.0,0.0,0.0,14,733,145.8,400100.0,4.993188010899182,4351
Tendai Chisoro,524,0.0,0.0,0.0,0,77,10.0,52400.0,7.0,524
Thandi Tshabalala,227,0.0,0.0,0.0,1,42,8.0,22700.0,4.666666666666667,252
Tharanga Paranavitana,412,0.0,0.0,0.0,0,7,1.0,41200.0,3.5,412
Tharindu Kaushal,2473,0.0,0.0,0.0,15,728,175.9,247300.0,4.115319389485585,2848
Theo Doropoulos,162,0.0,0.0,0.0,0,12,1.0,16200.0,6.0,162
Theunis de Bruyn,1446,0.0,0.0,0.0,0,74,17.0,144600.0,4.111111111111111,1446
Thilan Samaraweera,279,0.0,0.0,0.0,0,12,2.0,27900.0,4.0,279
Thilan Thushara,4911,0.0,0.0,0.0,33,938,155.9,491100.0,5.978330146590185,5736
Thilina Kandamby,1416,0.0,0.0,0.0,2,131,20.0,141600.0,6.238095238095238,1466
Thinus Fourie,408,0.0,0.0,0.0,0,44,11.0,40800.0,3.6666666666666665,408
Thisara Perera,31457,0.0,0.0,0.0,134,4942,726.5,3145700.0,6.793127147766323,34807
Thomas Odoyo,1010,0.0,0.0,0.0,1,195,31.0,101000.0,6.09375,1035
Thomas Rogers,1899,0.0,0.0,0.0,9,373,41.2,189900.0,8.838862559241706,2124
Tillakaratne Dilshan,31369,0.0,0.0,0.0,52,2749,537.8,3136900.0,5.102078693392725,32669
Tim Bresnan,26992,0.0,0.0,0.0,162,5169,951.5,2699200.0,5.426771653543307,31042
Tim David,250,0.0,0.0,0.0,0,4,1.2,25000.0,1.8181818181818181,250
Tim Murtagh,1766,0.0,0.0,0.0,12,288,76.0,176600.0,3.74025974025974,2066
Tim Southee,89454,0.0,0.0,0.0,596,18520,4423.4,8945400.0,4.185878311183438,104354
Tim de Leede,254,0.0,0.0,0.0,0,32,6.0,25400.0,4.571428571428571,254
Timm van der Gugten,374,0.0,0.0,0.0,2,71,10.0,37400.0,6.454545454545454,424
Timycen Maruma,552,0.0,0.0,0.0,2,54,9.4,55200.0,5.1923076923076925,602
Tinashe Panyangara,1755,0.0,0.0,0.0,4,319,69.7,175500.0,4.512022630834512,1855
Tino Best,7432,0.0,0.0,0.0,38,1489,292.9,743200.0,5.066349098332767,8382
Tinotenda Mutombodzi,901,0.0,0.0,0.0,4,177,28.5,90100.0,6.0,1001
Tirumalasetti Suman,1531,0.0,0.0,0.0,5,182,23.0,153100.0,7.583333333333333,1656
Toby Roland-Jones,1616,0.0,0.0,0.0,18,368,95.8,161600.0,3.8016528925619837,2066
Todd Astle,3301,0.0,0.0,0.0,16,543,142.1,330100.0,3.7945492662473796,3701
Tom Andrews,562,0.0,0.0,0.0,2,76,10.0,56200.0,6.909090909090909,612
Tom Blundell,467,0.0,0.0,0.0,0,13,3.0,46700.0,3.25,467
Tom Cooper,4827,0.0,0.0,0.0,11,388,54.0,482700.0,7.054545454545455,5102
Tom Curran,16980,0.0,0.0,0.0,105,3206,453.6,1698000.0,7.052353717553893,19605
Tom O'Connell,593,0.0,0.0,0.0,1,51,6.0,59300.0,7.285714285714286,618
Tom Westley,427,0.0,0.0,0.0,0,12,4.0,42700.0,2.4,427
Travis Head,13504,0.0,0.0,0.0,28,1139,173.1,1350400.0,6.542217116599655,14204
Trent Boult,60762,0.0,0.0,0.0,465,12447,3235.0,6076200.0,3.846415327564895,72387
Trent Copeland,296,0.0,0.0,0.0,0,36,4.0,29600.0,7.2,296
Trent Johnston,4848,0.0,0.0,0.0,17,798,160.2,484800.0,4.9503722084367245,5273
Trent Lawford,1122,0.0,0.0,0.0,2,152,17.0,112200.0,8.444444444444445,1172
Trevin Bastiampillai,316,0.0,0.0,0.0,0,11,2.0,31600.0,3.6666666666666665,316
Tushar Deshpande,907,0.0,0.0,0.0,3,192,17.0,90700.0,10.666666666666666,982
Tymal Mills,3635,0.0,0.0,0.0,17,721,84.5,363500.0,8.432748538011696,4060
Tyron Henderson,362,0.0,0.0,0.0,1,71,10.0,36200.0,6.454545454545454,387
Udara Jayasundera,698,0.0,0.0,0.0,0,45,7.0,69800.0,5.625,698
Umar Amin,1138,0.0,0.0,0.0,1,50,16.0,113800.0,2.9411764705882355,1163
Umar Bhatti,847,0.0,0.0,0.0,6,124,30.0,84700.0,4.0,997
Umar Gul,17093,0.0,0.0,0.0,112,3300,640.0,1709300.0,5.14820592823713,19893
Umesh Yadav,59790,0.0,0.0,0.0,368,11626,2247.1,5979000.0,5.171478137093546,68990
Upul Chandana,1783,0.0,0.0,0.0,6,283,47.5,178300.0,5.835051546391752,1933
Usman Khawaja,622,0.0,0.0,0.0,0,4,1.0,62200.0,2.0,622
Usman Qadir,1077,0.0,0.0,0.0,6,203,24.0,107700.0,8.12,1227
Usman Shinwari,3101,0.0,0.0,0.0,21,553,93.0,310100.0,5.882978723404255,3626
VVS Laxman,1132,0.0,0.0,0.0,1,26,12.0,113200.0,2.0,1157
Varun Aaron,14206,0.0,0.0,0.0,71,2795,420.1,1420600.0,6.6373782949418185,15981
Varun Chakravarthy,2229,0.0,0.0,0.0,18,391,55.0,222900.0,6.982142857142857,2679
Veer Pratap Singh,1327,0.0,0.0,0.0,10,296,34.0,132700.0,8.457142857142857,1577
Veerasammy Permaul,2858,0.0,0.0,0.0,16,576,147.8,285800.0,3.8709677419354835,3258
Venugopal Rao,3383,0.0,0.0,0.0,6,337,36.0,338300.0,9.108108108108109,3533
Vernon Philander,24140,0.0,0.0,0.0,156,3723,1380.8,2414000.0,2.694311767260096,28040
Vidyut Sivaramakrishnan,110,0.0,0.0,0.0,1,22,2.0,11000.0,7.333333333333333,135
Vijay Shankar,4858,0.0,0.0,0.0,12,477,69.2,485800.0,6.794871794871795,5158
Vikram Singh,5429,0.0,0.0,0.0,20,1002,176.3,542900.0,5.6514382402707275,5929
Vikram Solanki,517,0.0,0.0,0.0,0,42,7.0,51700.0,5.25,517
Vikramjeet Malik,1862,0.0,0.0,0.0,6,261,34.1,186200.0,7.435897435897435,2012
Vikrant Yeligati,397,0.0,0.0,0.0,0,59,5.0,39700.0,9.833333333333334,397
Vikum Sanjaya,528,0.0,0.0,0.0,3,101,10.0,52800.0,9.181818181818182,603
Vinay Kumar,25091,0.0,0.0,0.0,148,4622,623.7,2509100.0,7.398751400672322,28791
Virat Kohli,23303,0.0,0.0,0.0,12,1309,198.7,2330300.0,6.554832248372559,23603
Virender Sehwag,40027,0.0,0.0,0.0,84,3376,839.3,4002700.0,4.017612757348566,42127
Vishwa Fernando,3277,0.0,0.0,0.0,19,646,135.6,327700.0,4.729136163982431,3752
Vusi Sibanda,668,0.0,0.0,0.0,0,61,8.0,66800.0,6.777777777777778,668
Wahab Riaz,17747,0.0,0.0,0.0,90,3391,703.0,1774700.0,4.816761363636363,19997
Waheed Ahmed,269,0.0,0.0,0.0,0,10,2.0,26900.0,3.3333333333333335,269
Wanindu Hasaranga,2928,0.0,0.0,0.0,13,416,66.2,292800.0,6.19047619047619,3253
Waqas Maqsood,119,0.0,0.0,0.0,2,21,1.5,11900.0,8.4,169
Washington Sundar,9270,0.0,0.0,3.0,42,1398,224.4,231750.0,6.202307009760426,10320
Wavell Hinds,398,0.0,0.0,0.0,2,69,11.0,39800.0,5.75,448
Wayne Parnell,19307,0.0,0.0,0.0,136,3684,595.8,1930700.0,6.172922252010724,22707
Wellington Masakadza,154,0.0,0.0,0.0,1,32,4.0,15400.0,6.4,179
Wes Agar,4013,0.0,0.0,0.0,36,806,93.5,401300.0,8.529100529100528,4913
Wiaan Mulder,2456,0.0,0.0,0.0,8,301,54.0,245600.0,5.472727272727273,2656
Wil Parker,301,0.0,0.0,0.0,0,48,5.0,30100.0,8.0,301
Wilkin Mota,1061,0.0,0.0,0.0,4,97,12.0,106100.0,7.461538461538462,1161
Will Jacks,304,0.0,0.0,0.0,0,26,3.0,30400.0,6.5,304
Will Sutherland,1785,0.0,0.0,0.0,6,263,27.9,178500.0,9.100346020761247,1935
William Bosisto,575,0.0,0.0,0.0,1,44,6.0,57500.0,6.285714285714286,600
William Sheridan,1615,0.0,0.0,0.0,11,270,31.6,161500.0,8.282208588957054,1890
William Somerville,3107,0.0,0.0,0.0,18,645,197.2,310700.0,3.2542885973763878,3557
Xavier Bartlett,1027,0.0,0.0,0.0,8,183,22.0,102700.0,7.956521739130435,1227
Xavier Doherty,15355,0.0,0.0,0.0,69,2752,493.0,1535500.0,5.57085020242915,17080
Xavier Marshall,227,0.0,0.0,0.0,0,5,0.3,22700.0,3.846153846153846,227
Yamin Ahmadzai,253,0.0,0.0,0.0,0,49,8.4,25300.0,5.212765957446808,253
Yasir Arafat,3787,0.0,0.0,0.0,32,704,93.5,378700.0,7.449735449735449,4587
Yasir Hameed,1062,0.0,0.0,0.0,0,24,5.0,106200.0,4.0,1062
Yasir Shah,13338,0.0,0.0,0.0,80,3278,920.6,1333800.0,3.556857638888889,15338
Yo Mahesh,2609,0.0,0.0,0.0,21,499,56.3,260900.0,8.708551483420594,3134
Yogesh Nagar,1345,0.0,0.0,0.0,4,125,11.0,134500.0,10.416666666666666,1445
Younis Khan,1918,0.0,0.0,0.0,0,86,18.2,191800.0,4.479166666666667,1918
Yusuf Abdulla,1734,0.0,0.0,0.0,16,335,38.5,173400.0,8.481012658227849,2134
Yusuf Pathan,27378,0.0,0.0,0.0,88,3201,487.5,2737800.0,6.552712384851587,29578
Yuvraj Singh,52108,0.0,0.0,0.0,152,5132,939.4,5210800.0,5.4572522330923015,55908
Yuzvendra Chahal,33784,0.0,0.0,0.0,259,6398,972.4,3378400.0,6.572837476885145,40259
Zafar Ansari,1631,0.0,0.0,0.0,5,275,68.0,163100.0,3.9855072463768115,1756
Zafar Gohar,869,0.0,0.0,0.0,2,213,42.0,86900.0,4.953488372093023,919
Zaheer Khan,70568,0.0,0.0,0.0,439,13265,3023.7,7056800.0,4.385558898403148,81543
Zahir Khan,1806,0.0,0.0,0.0,8,276,39.0,180600.0,6.9,2006
Zahoor Khan,388,0.0,0.0,0.0,0,73,10.0,38800.0,6.636363636363637,388
Zak Evans,532,0.0,0.0,0.0,0,73,7.0,53200.0,9.125,532
Ziaur Rahman,1013,0.0,0.0,0.0,3,100,14.3,101300.0,6.5359477124183005,1088
Zulfiqar Babar,4678,0.0,0.0,0.0,32,1119,376.8,467800.0,2.961884595023822,5478
